"カード名","マナコスト","タイプ","テキスト","オラクル","Ｐ／Ｔ","忠誠度","フレーバ","イラスト","セット等","再録"
"姿を欺くもの/Deceiver of Form （すがたをあざむくもの） ","(６)(◇)","クリーチャー — エルドラージ(Eldrazi) ","（(◇)は無色マナを表す。）あなたのターンの戦闘の開始時に、あなたのライブラリーの一番上のカードを公開する。これによりクリーチャー・カードが公開されたなら、あなたは「ターン終了時まで、あなたがコントロールする姿を欺くもの以外のクリーチャーはそのカードのコピーになる」ことを選んでもよい。あなたはそのカードをあなたのライブラリーの一番下に置いてもよい。","（{C} represents colorless mana.）At the beginning of combat on your turn, reveal the top card of your library. If a creature card is revealed this way, you may have creatures you control other than Deceiver of Form become copies of that card until end of turn. You may put that card on the bottom of your library.",8/8,-,,"Viktor Titov","レア, ゲートウォッチの誓い (1/184) ",-
"エルドラージのミミック/Eldrazi Mimic （えるどらーじのみみっく） ","(２)","クリーチャー — エルドラージ(Eldrazi) ","他の無色のクリーチャーが１体あなたのコントロール下で戦場に出るたび、ターン終了時まで、あなたはエルドラージのミミックの基本のパワーとタフネスをそのクリーチャーのパワーとタフネスに変更してもよい。","Whenever another colorless creature enters the battlefield under your control, you may change Eldrazi Mimic's base power and toughness to that creature's power and toughness until end of turn.",2/1,-,,"Craig J Spearing","レア, ゲートウォッチの誓い (2/184) ",-
"終末を招くもの/Endbringer （しゅうまつをまねくもの） ","(５)(◇)","クリーチャー — エルドラージ(Eldrazi) ","他の各プレイヤーのアンタップ・ステップに、終末を招くものをアンタップする。(Ｔ)：クリーチャー１体かプレイヤー１人を対象とする。終末を招くものはそれに１点のダメージを与える。(◇),(Ｔ)：クリーチャー１体を対象とする。このターン、それでは攻撃したりブロックしたりできない。(◇)(◇),(Ｔ)：カードを１枚引く。","Untap Endbringer during each other player's untap step.{T}: Endbringer deals 1 damage to target creature or player.{C}, {T}: Target creature can't attack or block this turn.{C}{C}, {T}: Draw a card.",5/5,-,,"Vincent Proce","レア, ゲートウォッチの誓い (3/184) ",-
"大いなる歪み、コジレック/Kozilek, the Great Distortion （おおいなるゆがみこじれっく） ","(８)(◇)(◇)","伝説のクリーチャー — エルドラージ(Eldrazi) ","あなたが大いなる歪み、コジレックを唱えたとき、あなたの手札にあるカードの枚数が７枚未満である場合、その差に等しい枚数のカードを引く。威迫点数で見たマナ・コストがＸであるカードを１枚捨てる：点数で見たマナ・コストがＸである呪文１つを対象とし、それを打ち消す。","When you cast Kozilek, the Great Distortion, if you have fewer than seven cards in hand, draw cards equal to the difference.MenaceDiscard a card with converted mana cost X: Counter target spell with converted mana cost X.",12/12,-,,"Aleksi Briclot","神話レア, ゲートウォッチの誓い (4/184) ",-
"コジレックの先駆者/Kozilek's Pathfinder （こじれっくのせんくしゃ） ","(６)","クリーチャー — エルドラージ(Eldrazi) ","(◇)：クリーチャー１体を対象とする。このターン、それではコジレックの先駆者をブロックできない。（(◇)は無色マナを表す。）","{C}: Target creature can't block Kozilek's Pathfinder this turn. （{C} represents colorless mana.）",5/5,-,,"James Zapata","コモン, ゲートウォッチの誓い (5/184) ",-
"作り変えるもの/Matter Reshaper （つくりかえるもの） ","(２)(◇)","クリーチャー — エルドラージ(Eldrazi) ","（(◇)は無色マナを表す。）作り変えるものが死亡したとき、あなたのライブラリーの一番上のカードを公開する。それが、点数で見たマナ・コストが３以下のパーマネント・カードであるなら、あなたはそのカードを戦場に出してもよい。そうでないなら、そのカードをあなたの手札に加える。","（{C} represents colorless mana.）When Matter Reshaper dies, reveal the top card of your library. You may put that card onto the battlefield if it's a permanent card with converted mana cost 3 or less. Otherwise, put that card into your hand.",3/2,-,,"Chris Rahn","レア, ゲートウォッチの誓い (6/184) ",-
"現実を砕くもの/Reality Smasher （げんじつをくだくもの） ","(４)(◇)","クリーチャー — エルドラージ(Eldrazi) ","（(◇)は無色マナを表す。）トランプル、速攻現実を砕くものが対戦相手がコントロールする呪文１つの対象となるたび、その呪文のコントローラーがカードを１枚捨てないかぎり、それを打ち消す。","（{C} represents colorless mana.）Trample, hasteWhenever Reality Smasher becomes the target of a spell an opponent controls, counter that spell unless its controller discards a card.",5/5,-,,"Jason Rainville","レア, ゲートウォッチの誓い (7/184) ",-
"次元の歪曲/Spatial Contortion （じげんのわいきょく） ","(１)(◇)","インスタント ","（(◇)は無色マナを表す。）クリーチャー１体を対象とする。ターン終了時まで、それは+3/-3の修整を受ける。","（{C} represents colorless mana.）Target creature gets +3/-3 until end of turn.",-,-,,Daarken,"アンコモン, ゲートウォッチの誓い (8/184) ",-
"難題の予見者/Thought-Knot Seer （なんだいよけんしゃ） ","(３)(◇)","クリーチャー — エルドラージ(Eldrazi) ","（(◇)は無色マナを表す。）難題の予見者が戦場に出たとき、対戦相手１人を対象とする。そのプレイヤーは、自分の手札を公開する。あなたはその中から土地でないカードを１枚選び、そのカードを追放する。難題の予見者が戦場を離れたとき、対戦相手１人を対象とする。そのプレイヤーはカードを１枚引く。","（{C} represents colorless mana.）When Thought-Knot Seer enters the battlefield, target opponent reveals his or her hand. You choose a nonland card from it and exile that card.When Thought-Knot Seer leaves the battlefield, target opponent draws a card.",4/4,-,,"Svetlin Velinov","レア, ゲートウォッチの誓い (9/184) ",-
"荒地を歩くもの/Walker of the Wastes （あれちをあるくもの） ","(４)(◇)","クリーチャー — エルドラージ(Eldrazi) ","（(◇)は無色マナを表す。）トランプル荒地を歩くものは、あなたがコントロールする《荒地/Wastes》という名前の土地１つにつき+1/+1の修整を受ける。","（{C} represents colorless mana.）TrampleWalker of the Wastes gets +1/+1 for each land you control named Wastes.",4/4,-,,"Joseph Meehan","アンコモン, ゲートウォッチの誓い (10/184) ",-
"形状の管理人/Warden of Geometries （けいじょうのかんりにん） ","(４)","クリーチャー — エルドラージ(Eldrazi)・ドローン(Drone) ","警戒あなたのマナ・プールに(◇)を加える。（(◇)は無色マナを表す。）","Vigilance{T}: Add {C} to your mana pool. （{C} represents colorless mana.）",2/3,-,,"Jason Felix","コモン, ゲートウォッチの誓い (11/184) ",-
"歪める嘆き/Warping Wail （ゆがめるなげき） ","(１)(◇)","インスタント ","（(◇)は無色マナを表す。）以下から１つを選ぶ。・パワーかタフネスが１以下のクリーチャー１体を対象とし、それを追放する。・ソーサリー呪文１つを対象とし、それを打ち消す。・無色の1/1のエルドラージ(Eldrazi)・末裔(Scion)クリーチャー・トークンを１体戦場に出す。それは「このクリーチャーを生け贄に捧げる：あなたのマナ・プールに(◇)を加える。」を持つ。","（{C} represents colorless mana.）Choose one ---• Exile target creature with power or toughness 1 or less.• Counter target sorcery spell.• Put a 1/1 colorless Eldrazi Scion creature token onto the battlefield. It has ""Sacrifice this creature: Add {C} to your mana pool.""",-,-,,"Jason Felix","アンコモン, ゲートウォッチの誓い (12/184) ",-
"変位エルドラージ/Eldrazi Displacer （へんいえるどらーじ） ","(２)(白)","クリーチャー — エルドラージ(Eldrazi) ","欠色（このカードは無色である。）(２)(◇)：他のクリーチャー１体を対象とし、それを追放し、その後それをオーナーのコントロール下でタップ状態で戦場に戻す。（(◇)は無色マナを表す。）","Devoid （This card has no color.）{2}{C}: Exile another target creature, then return it to the battlefield tapped under its owner's control. （{C} represents colorless mana.）",3/3,-,,Daarken,"レア, ゲートウォッチの誓い (13/184) ",-
"アーファの守護者/Affa Protector （あーふぁのしゅごしゃ） ","(２)(白)","クリーチャー — 人間(Human)・兵士(Soldier)・同盟者(Ally) ","警戒",Vigilance,1/4,-,,Izzy,"コモン, ゲートウォッチの誓い (14/184) ",-
"同盟者の援軍/Allied Reinforcements （どうめいしゃのえんぐん） ","(３)(白)","ソーサリー ","白の2/2の騎士(Knight)・同盟者(Ally)クリーチャー・トークンを２体戦場に出す。","Put two 2/2 white Knight Ally creature tokens onto the battlefield.",-,-,,"Matt Stewart","アンコモン, ゲートウォッチの誓い (15/184) ",-
"ゲートウォッチ招致/Call the Gatewatch （げーとうぉっちしょうち） ","(２)(白)","ソーサリー ","あなたのライブラリーからプレインズウォーカー・カードを１枚探し、それを公開してあなたの手札に加える。その後あなたのライブラリーを切り直す。","Search your library for a planeswalker card, reveal it, and put it into your hand. Then shuffle your library.",-,-,,"Yefim Kligerman","レア, ゲートウォッチの誓い (16/184) ",-
"まばゆい反射/Dazzling Reflection （まばゆいはんしゃ） ","(１)(白)","インスタント ","クリーチャー１体を対象とする。あなたはそれのパワーに等しい点数のライフを得る。このターン、そのクリーチャーが次に与えるダメージを軽減する。","You gain life equal to target creature's power. The next time that creature would deal damage this turn, prevent that damage.",-,-,,"David Palumbo","コモン, ゲートウォッチの誓い (17/184) ",-
"探検の猛禽/Expedition Raptor （たんけんのもうきん） ","(３)(白)(白)","クリーチャー — 鳥(Bird) ","飛行探検の猛禽が戦場に出たとき、支援２を行う。（他のクリーチャーを最大２体対象とし、それらの上に+1/+1カウンターをそれぞれ１個置く。）","FlyingWhen Expedition Raptor enters the battlefield, support 2. （Put a +1/+1 counter on each of up to two other target creatures.）",2/2,-,,"Johann Bodin","コモン, ゲートウォッチの誓い (18/184) ",-
"タズリ将軍/General Tazri （たずりしょうぐん） ","(４)(白)","伝説のクリーチャー — 人間(Human)・同盟者(Ally) ","タズリ将軍が戦場に出たとき、あなたはあなたのライブラリーから同盟者(Ally)クリーチャー・カードを１枚探してもよい。そうしたなら、それを公開してあなたの手札に加え、その後あなたのライブラリーを切り直す。(白)(青)(黒)(赤)(緑)：ターン終了時まで、あなたがコントロールする同盟者クリーチャーは+X/+Xの修整を受ける。Ｘは、それらのクリーチャーの中の色の数に等しい。","When General Tazri enters the battlefield, you may search your library for an Ally creature card, reveal it, put it into your hand, then shuffle your library.{W}{U}{B}{R}{G}: Ally creatures you control get +X/+X until end of turn, where X is the number of colors among those creatures.",3/4,-,,"Chris Rahn","神話レア, ゲートウォッチの誓い (19/184) ",-
"鑽火の輝き/Immolating Glare （きりびのかがやき） ","(１)(白)","インスタント ","攻撃クリーチャー１体を対象とし、それを破壊する。","Destroy target attacking creature.",-,-,,Daarken,"アンコモン, ゲートウォッチの誓い (20/184) ",-
"イオナの祝福/Iona's Blessing （いおなのしゅくふく） ","(３)(白)","エンチャント — オーラ(Aura) ","エンチャント（クリーチャー）エンチャントされているクリーチャーは+2/+2の修整を受け、警戒を持つとともに、追加で１体のクリーチャーをブロックできる。","Enchant creatureEnchanted creature gets +2/+2, has vigilance, and can block an additional creature.",-,-,,"David Gaillet","アンコモン, ゲートウォッチの誓い (21/184) ",-
"孤立領域/Isolation Zone （こりつりょういき） ","(２)(白)(白)","エンチャント ","孤立領域が戦場に出たとき、対戦相手がコントロールするクリーチャー１体かエンチャント１つを対象とし、孤立領域が戦場を離れるまでそれを追放する。（そのパーマネントはオーナーのコントロール下で戦場に戻る。）","When Isolation Zone enters the battlefield, exile target creature or enchantment an opponent controls until Isolation Zone leaves the battlefield. （That permanent returns under its owner's control.）",-,-,,"Chris Rallis","コモン, ゲートウォッチの誓い (22/184) ",-
"コーの鎌使い/Kor Scythemaster （こーのかまつかい） ","(２)(白)","クリーチャー — コー(Kor)・兵士(Soldier)・同盟者(Ally) ","コーの鎌使いが攻撃しているかぎり、これは先制攻撃を持つ。","Kor Scythemaster has first strike as long as it's attacking.",3/1,-,,"Ryan Pancoast","コモン, ゲートウォッチの誓い (23/184) ",-
"コーの空登り/Kor Sky Climber （こーのそらのぼり） ","(２)(白)","クリーチャー — コー(Kor)・兵士(Soldier)・同盟者(Ally) ","(１)(白)：ターン終了時まで、コーの空登りは飛行を得る。","{1}{W}: Kor Sky Climber gains flying until end of turn.",3/2,-,,"Victor Adame Minguez","コモン, ゲートウォッチの誓い (24/184) ",-
"保護者、リンヴァーラ/Linvala, the Preserver （ほごしゃりんう゛ぁーら） ","(４)(白)(白)","伝説のクリーチャー — 天使(Angel) ","飛行保護者、リンヴァーラが戦場に出たとき、対戦相手１人のライフがあなたより多い場合、あなたは５点のライフを得る。保護者、リンヴァーラが戦場に出たとき、対戦相手１人があなたより多くのクリーチャーをコントロールしている場合、飛行を持つ白の3/3の天使(Angel)クリーチャー・トークンを１体戦場に出す。","FlyingWhen Linvala, the Preserver enters the battlefield, if an opponent has more life than you, you gain 5 life.When Linvala enters the battlefield, if an opponent controls more creatures than you, put a 3/3 white Angel creature token with flying onto the battlefield.",5/5,-,,"Magali Villeneuve","神話レア, ゲートウォッチの誓い (25/184) ",-
"抗戦/Make a Stand （こうせん） ","(２)(白)","インスタント ","ターン終了時まで、あなたがコントロールするクリーチャーは+1/+0の修整を受けるとともに破壊不能を得る。（ダメージや「破壊する」と書かれた効果では、それらは破壊されない。）","Creatures you control get +1/+0 and gain indestructible until end of turn. （Damage and effects that say ""destroy"" don't destroy them.）",-,-,,"Magali Villeneuve","アンコモン, ゲートウォッチの誓い (26/184) ",-
"マキンディの飛空士/Makindi Aeronaut （まきんでぃのひくうし） ","(１)(白)","クリーチャー — コー(Kor)・スカウト(Scout)・同盟者(Ally) ","飛行",Flying,1/3,-,,"Matt Stewart","コモン, ゲートウォッチの誓い (27/184) ",-
"力強い跳躍/Mighty Leap （ちからづよいちょうやく） ","(１)(白)","インスタント ","クリーチャー１体を対象とする。ターン終了時まで、それは+2/+2の修整を受けるとともに飛行を得る。","Target creature gets +2/+2 and gains flying until end of turn.",-,-,,"Winona Nelson","コモン, ゲートウォッチの誓い (28/184) ","OGW ORI M12 M11 MM2 DDG DDF "
"ムンダの先兵/Munda's Vanguard （むんだのせんぺい） ","(４)(白)","クリーチャー — コー(Kor)・騎士(Knight)・同盟者(Ally) ","盟友 ― (Ｔ),あなたがコントロールするアンタップ状態の同盟者(Ally)を１体タップする：あなたがコントロールする各クリーチャーの上にそれぞれ+1/+1カウンターを１個置く。","Cohort --- {T}, Tap an untapped Ally you control: Put a +1/+1 counter on each creature you control.",3/3,-,,"Steve Prescott","レア, ゲートウォッチの誓い (29/184) ",-
"ギデオンの誓い/Oath of Gideon （ぎでおんのちかい） ","(２)(白)","伝説のエンチャント ","ギデオンの誓いが戦場に出たとき、白の1/1のコー(Kor)・同盟者(Ally)クリーチャー・トークンを２体戦場に出す。あなたがコントロールする各プレインズウォーカーはそれぞれ、忠誠(loyalty)カウンターが追加で１個置かれた状態で戦場に出る。","When Oath of Gideon enters the battlefield, put two 1/1 white Kor Ally creature tokens onto the battlefield.Each planeswalker you control enters the battlefield with an additional loyalty counter on it.",-,-,,"Wesley Burt","レア, ゲートウォッチの誓い (30/184) ",-
"オンドゥの戦僧侶/Ondu War Cleric （おんどぅのいくさそうりょ） ","(１)(白)","クリーチャー — 人間(Human)・クレリック(Cleric)・同盟者(Ally) ","盟友 ― (Ｔ),あなたがコントロールするアンタップ状態の同盟者(Ally)を１体タップする：あなたは２点のライフを得る。","Cohort --- {T}, Tap an untapped Ally you control: You gain 2 life.",2/2,-,,"Ben Maier","コモン, ゲートウォッチの誓い (31/184) ",-
"救援隊長/Relief Captain （きゅうえんたいちょう） ","(２)(白)(白)","クリーチャー — コー(Kor)・騎士(Knight)・同盟者(Ally) ","救援隊長が戦場に出たとき、支援３を行う。（他のクリーチャーを最大３体対象とし、それらの上に+1/+1カウンターをそれぞれ１個置く。）","When Relief Captain enters the battlefield, support 3. （Put a +1/+1 counter on each of up to three other target creatures.）",3/2,-,,"Anastasia Ovchinnikova","アンコモン, ゲートウォッチの誓い (32/184) ",-
"焼尽の光/Searing Light （しょうじんのひかり） ","(白)","インスタント ","攻撃かブロックしているパワーが２以下のクリーチャー１体を対象とし、それを破壊する。","Destroy target attacking or blocking creature with power 2 or less.",-,-,,"Marco Nelor","コモン, ゲートウォッチの誓い (33/184) ",-
"戮力協心/Shoulder to Shoulder （りくりょくきょうしん） ","(２)(白)","ソーサリー ","支援２を行う。（クリーチャーを最大２体対象とし、それらの上に+1/+1カウンターをそれぞれ１個置く。）カードを１枚引く。","Support 2. （Put a +1/+1 counter on each of up to two target creatures.）Draw a card.",-,-,,"Chris Rallis","コモン, ゲートウォッチの誓い (34/184) ",-
"落とし子縛りの魔道士/Spawnbinder Mage （おとしごしばりのまどうし） ","(３)(白)","クリーチャー — 人間(Human)・ウィザード(Wizard)・同盟者(Ally) ","盟友 ― (Ｔ),あなたがコントロールするアンタップ状態の同盟者(Ally)を１体タップする：クリーチャー１体を対象とし、それをタップする。","Cohort --- {T}, Tap an untapped Ally you control: Tap target creature.",2/4,-,,"Dan Scott","コモン, ゲートウォッチの誓い (35/184) ",-
"草原の滑空獣/Steppe Glider （そうげんのかっくうじゅう） ","(４)(白)","クリーチャー — エレメンタル(Elemental) ","飛行、警戒(１)(白)：+1/+1カウンターが置かれているクリーチャー１体を対象とする。ターン終了時まで、それは飛行と警戒を得る。","Flying, vigilance{1}{W}: Target creature with a +1/+1 counter on it gains flying and vigilance until end of turn.",2/4,-,,"John Severin Brassell","アンコモン, ゲートウォッチの誓い (36/184) ",-
"岩屋の装備役/Stone Haven Outfitter （いわやのそうびやく） ","(１)(白)","クリーチャー — コー(Kor)・工匠(Artificer)・同盟者(Ally) ","あなたがコントロールする、装備しているクリーチャーは+1/+1の修整を受ける。あなたがコントロールする、装備しているクリーチャーが１体死亡するたび、カードを１枚引く。","Equipped creatures you control get +1/+1.Whenever an equipped creature you control dies, draw a card.",2/2,-,,"Jason Rainville","レア, ゲートウォッチの誓い (37/184) ",-
"石鍛冶の見習い/Stoneforge Acolyte （いしかじのみならい） ","(白)","クリーチャー — コー(Kor)・工匠(Artificer)・同盟者(Ally) ","盟友 ― (Ｔ),あなたがコントロールするアンタップ状態の同盟者(Ally)を１体タップする：あなたのライブラリーの一番上から４枚のカードを見る。あなたはその中から装備品(Equipment)カードを１枚公開してもよい。そうしたなら、それをあなたの手札に加え、残りをあなたのライブラリーの一番下に望む順番で置く。","Cohort --- {T}, Tap an untapped Ally you control: Look at the top four cards of your library. You may reveal an Equipment card from among them and put it into your hand. Put the rest on the bottom of your library in any order.",1/2,-,,"Chris Rallis","アンコモン, ゲートウォッチの誓い (38/184) ",-
"復興の壁/Wall of Resurgence （ふっこうのかべ） ","(２)(白)","クリーチャー — 壁(Wall) ","防衛復興の壁が戦場に出たとき、あなたがコントロールする土地１つを対象とする。あなたはそれの上に+1/+1カウンターを３個置いてもよい。そうしたなら、その土地は速攻を持つ0/0のエレメンタル(Elemental)・クリーチャーになる。それは土地でもある。","DefenderWhen Wall of Resurgence enters the battlefield, you may put three +1/+1 counters on target land you control. If you do, that land becomes a 0/0 Elemental creature with haste that's still a land.",0/6,-,,"Daniel Ljunggren","アンコモン, ゲートウォッチの誓い (39/184) ",-
"難解な干渉/Abstruse Interference （なんかいなかんしょう） ","(２)(青)","インスタント ","欠色（このカードは無色である。）呪文１つを対象とする。そのコントローラーが(１)を支払わないかぎり、それを打ち消す。あなたは無色の1/1のエルドラージ(Eldrazi)・末裔(Scion)クリーチャー・トークンを１体戦場に出す。それは「このクリーチャーを生け贄に捧げる：あなたのマナ・プールに(◇)を加える。」を持つ。（(◇)は無色マナを表す。）","Devoid （This card has no color.）Counter target spell unless its controller pays {1}. You put a 1/1 colorless Eldrazi Scion creature token onto the battlefield. It has ""Sacrifice this creature: Add {C} to your mana pool."" （{C} represents colorless mana.）",-,-,,"Igor Kieryluk","コモン, ゲートウォッチの誓い (40/184) ",-
"目潰しドローン/Blinding Drone （めつぶしどろーん） ","(１)(青)","クリーチャー — エルドラージ(Eldrazi)・ドローン(Drone) ","欠色（このカードは無色である。）(◇),(Ｔ)：クリーチャー１体を対象とし、それをタップする。（(◇)は無色マナを表す。）","Devoid （This card has no color.）{C}, {T}: Tap target creature. （{C} represents colorless mana.）",1/3,-,,"Lake Hurwitz","コモン, ゲートウォッチの誓い (41/184) ",-
"耕作ドローン/Cultivator Drone （こうさくどろーん） ","(２)(青)","クリーチャー — エルドラージ(Eldrazi)・ドローン(Drone) ","欠色（このカードは無色である。）(Ｔ)：あなたのマナ・プールに(◇)を加える。このマナは、無色の呪文を唱えるためか、無色のパーマネントの能力を起動するためか、(◇)を含むコストを支払うためにのみ使用できる。（(◇)は無色マナを表す。）","Devoid （This card has no color.）{T}: Add {C} to your mana pool. Spend this mana only to cast a colorless spell, activate an ability of a colorless permanent, or pay a cost that contains {C}. （{C} represents colorless mana.）",2/3,-,,"Slawomir Maniak","コモン, ゲートウォッチの誓い (42/184) ",-
"深水潜み/Deepfathom Skulker （しんすいひそみ） ","(５)(青)","クリーチャー — エルドラージ(Eldrazi) ","欠色（このカードは無色である。）あなたがコントロールするクリーチャー１体がプレイヤー１人に戦闘ダメージを与えるたび、あなたはカードを１枚引いてもよい。(３)(◇)：クリーチャー１体を対象とする。このターン、それはブロックされない。（(◇)は無色マナを表す。）","Devoid （This card has no color.）Whenever a creature you control deals combat damage to a player, you may draw a card.{3}{C}: Target creature can't be blocked this turn. （{C} represents colorless mana.）",4/4,-,,"Joseph Meehan","レア, ゲートウォッチの誓い (43/184) ",-
"次元潜入者/Dimensional Infiltrator （じげんせんにゅうしゃ） ","(１)(青)","クリーチャー — エルドラージ(Eldrazi) ","欠色（このカードは無色である。）瞬速飛行(１)(◇)：対戦相手１人を対象とする。そのプレイヤーは、自分のライブラリーの一番上のカードを追放する。それが土地カードであるなら、あなたは次元潜入者をオーナーの手札に戻してもよい。（(◇)は無色マナを表す。）","Devoid （This card has no color.）FlashFlying{1}{C}: Target opponent exiles the top card of his or her library. If it's a land card, you may return Dimensional Infiltrator to its owner's hand. （{C} represents colorless mana.）",2/1,-,,"Chase Stone","レア, ゲートウォッチの誓い (44/184) ",-
"重力に逆らうもの/Gravity Negator （じゅくりょくにさからうもの） ","(３)(青)","クリーチャー — エルドラージ(Eldrazi)・ドローン(Drone) ","欠色（このカードは無色である。）飛行重力に逆らうものが攻撃するたび、他のクリーチャー１体を対象とする。あなたは(◇)を支払ってもよい。そうしたなら、ターン終了時まで、それは飛行を得る。（(◇)は無色マナを表す。）","Devoid （This card has no color.）FlyingWhenever Gravity Negator attacks, you may pay {C}. If you do, another target creature gains flying until end of turn. （{C} represents colorless mana.）",2/3,-,,"Chase Stone","コモン, ゲートウォッチの誓い (45/184) ",-
"歪みの預言者/Prophet of Distortion （ゆがみのよげんしゃ） ","(青)","クリーチャー — エルドラージ(Eldrazi)・ドローン(Drone) ","欠色（このカードは無色である。）(３)(◇)：カードを１枚引く。（(◇)は無色マナを表す。）","Devoid （This card has no color.）{3}{C}: Draw a card. （{C} represents colorless mana.）",1/2,-,,"Lius Lasahido","アンコモン, ゲートウォッチの誓い (46/184) ",-
"空間の擦り抜け/Slip Through Space （くうかんのすりぬけ） ","(青)","ソーサリー ","欠色（このカードは無色である。）クリーチャー１体を対象とする。このターン、それはブロックされない。カードを１枚引く。","Devoid （This card has no color.）Target creature can't be blocked this turn.Draw a card.",-,-,,"Raymond Swanland","コモン, ゲートウォッチの誓い (47/184) ",-
"思考刈り/Thought Harvester （しこうがり） ","(３)(青)","クリーチャー — エルドラージ(Eldrazi)・ドローン(Drone) ","欠色（このカードは無色である。）飛行あなたが無色の呪文を１つ唱えるたび、対戦相手１人を対象とする。そのプレイヤーは自分のライブラリーの一番上のカードを追放する。","Devoid （This card has no color.）FlyingWhenever you cast a colorless spell, target opponent exiles the top card of his or her library.",2/4,-,,"Winona Nelson","アンコモン, ゲートウォッチの誓い (48/184) ",-
"虚空の粉砕/Void Shatter （こくうのふんさい） ","(１)(青)(青)","インスタント ","欠色（このカードは無色である。）呪文１つを対象とし、それを打ち消す。これによりその呪文が打ち消されたなら、それをオーナーの墓地に置く代わりに追放する。","Devoid （This card has no color.）Counter target spell. If that spell is countered this way, exile it instead of putting it into its owner's graveyard.",-,-,,"Jason Felix","アンコモン, ゲートウォッチの誓い (49/184) ",-
"古代ガニ/Ancient Crab （こだいがに） ","(１)(青)(青)","クリーチャー — カニ(Crab) ",,,1/5,-,,"Steve Prescott","コモン, ゲートウォッチの誓い (50/184) ",-
"比較分析/Comparative Analysis （ひかくぶんせき） ","(３)(青)","インスタント ","怒涛(２)(青)（あなたかチームメイトがこのターンに他の呪文を唱えていたなら、あなたはこの呪文を怒涛コストで唱えてもよい。）プレイヤー１人を対象とする。そのプレイヤーはカードを２枚引く。","Surge {2}{U} （You may cast this spell for its surge cost if you or a teammate has cast another spell this turn.）Target player draws two cards.",-,-,,"Willian Murai","コモン, ゲートウォッチの誓い (51/184) ",-
"封止の被膜/Containment Membrane （ふうしのひまく） ","(２)(青)","エンチャント — オーラ(Aura) ","怒涛(青)（あなたかチームメイトがこのターンに他の呪文を唱えていたなら、あなたはこの呪文を怒涛コストで唱えてもよい。）エンチャント（クリーチャー）エンチャントされているクリーチャーは、それのコントローラーのアンタップ・ステップにアンタップしない。","Surge {U} （You may cast this spell for its surge cost if you or a teammate has cast another spell this turn.）Enchant creatureEnchanted creature doesn't untap during its controller's untap step.",-,-,,Daarken,"コモン, ゲートウォッチの誓い (52/184) ",-
"押し潰す触手/Crush of Tentacles （おしつぶすしょくしゅ） ","(４)(青)(青)","ソーサリー ","怒涛(３)(青)(青)（あなたかチームメイトがこのターンに他の呪文を唱えていたなら、あなたはこの呪文を怒涛コストで唱えてもよい。）すべての土地でないパーマネントをオーナーの手札に戻す。押し潰す触手の怒涛コストが支払われていたなら、青の8/8のタコ(Octopus)・クリーチャー・トークンを１体戦場に出す。","Surge {3}{U}{U} （You may cast this spell for its surge cost if you or a teammate has cast another spell this turn.）Return all nonland permanents to their owners' hands. If Crush of Tentacles's surge cost was paid, put an 8/8 blue Octopus creature token onto the battlefield.",-,-,,"Jama Jurabaev","神話レア, ゲートウォッチの誓い (53/184) ",-
"竜巻の種父/Cyclone Sire （たつまきのしゅふ） ","(４)(青)","クリーチャー — エレメンタル(Elemental) ","飛行竜巻の種父が死亡したとき、あなたがコントロールする土地１つを対象とする。あなたはそれの上に+1/+1カウンターを３個置いてもよい。そうしたなら、その土地は速攻を持つ0/0のエレメンタル(Elemental)・クリーチャーになる。それは土地でもある。","FlyingWhen Cyclone Sire dies, you may put three +1/+1 counters on target land you control. If you do, that land becomes a 0/0 Elemental creature with haste that's still a land.",3/4,-,,"Igor Kieryluk","アンコモン, ゲートウォッチの誓い (54/184) ",-
"牙の贈り物/Gift of Tusks （きばのおくりもの） ","(青)","インスタント ","クリーチャー１体を対象とする。ターン終了時まで、それはすべての能力を失うとともに基本のパワーとタフネスが3/3の緑の象(Elephant)になる。","Until end of turn, target creature loses all abilities and becomes a green Elephant with base power and toughness 3/3.",-,-,,"Kev Walker","アンコモン, ゲートウォッチの誓い (55/184) ",-
"乱動の握撃/Grip of the Roil （らんどうのあくげき） ","(２)(青)","インスタント ","怒涛(１)(青)（あなたかチームメイトがこのターンに他の呪文を唱えていたなら、あなたはこの呪文を怒涛コストで唱えてもよい。）クリーチャー１体を対象とし、それをタップする。それは、それのコントローラーの次のアンタップ・ステップにアンタップしない。カードを１枚引く。","Surge {1}{U} （You may cast this spell for its surge cost if you or a teammate has cast another spell this turn.）Tap target creature. It doesn't untap during its controller's next untap step.Draw a card.",-,-,,"Volkan Baga","アンコモン, ゲートウォッチの誓い (56/184) ",-
"面晶体の連結/Hedron Alignment （めんしょうたいのれんけつ） ","(２)(青)","エンチャント ","呪禁あなたのアップキープの開始時に、あなたはあなたの手札を公開してもよい。そうしたなら、あなたがオーナーである《面晶体の連結/Hedron Alignment》という名前のカードが追放領域とあなたの手札とあなたの墓地と戦場のいずれにもあるなら、あなたはこのゲームに勝利する。(１)(青)：占術１を行う。","HexproofAt the beginning of your upkeep, you may reveal your hand. If you do, you win the game if you own a card named Hedron Alignment in exile, in your hand, in your graveyard, and on the battlefield.{1}{U}: Scry 1.",-,-,,"Craig J Spearing","レア, ゲートウォッチの誓い (57/184) ",-
"ジュワー島の報復者/Jwar Isle Avenger （じゅわーとうのほうふくしゃ） ","(４)(青)","クリーチャー — スフィンクス(Sphinx) ","怒涛(２)(青)（あなたかチームメイトがこのターンに他の呪文を唱えていたなら、あなたはこの呪文を怒涛コストで唱えてもよい。）飛行","Surge {2}{U} （You may cast this spell for its surge cost if you or a teammate has cast another spell this turn.）Flying",3/3,-,,"Ryan Pancoast","コモン, ゲートウォッチの誓い (58/184) ",-
"否認/Negate （ひにん） ","(１)(青)","インスタント ","クリーチャーでない呪文１つを対象とし、それを打ち消す。","Counter target noncreature spell.",-,-,,"Ryan Pancoast","コモン, ゲートウォッチの誓い (59/184) ","OGW ORI DTK M15 M14 M13 M12 M11 M10 MOR "
"ジェイスの誓い/Oath of Jace （じぇいすのちかい） ","(２)(青)","伝説のエンチャント ","ジェイスの誓いが戦場に出たとき、カードを３枚引き、その後カードを２枚捨てる。あなたのアップキープの開始時に、占術Ｘを行う。Ｘは、あなたがコントロールするプレインズウォーカーの総数に等しい。","When Oath of Jace enters the battlefield, draw three cards, then discard two cards.At the beginning of your upkeep, scry X, where X is the number of planeswalkers you control.",-,-,,"Wesley Burt","レア, ゲートウォッチの誓い (60/184) ",-
"圧倒的な否定/Overwhelming Denial （あっとうてきなひてい） ","(２)(青)(青)","インスタント ","怒涛(青)(青)（あなたかチームメイトがこのターンに他の呪文を唱えていたなら、あなたはこの呪文を怒涛コストで唱えてもよい。）圧倒的な否定は呪文や能力によっては打ち消されない。呪文１つを対象とし、それを打ち消す。","Surge {U}{U} （You may cast this spell for its surge cost if you or a teammate has cast another spell this turn.）Overwhelming Denial can't be countered by spells or abilities.Counter target spell.",-,-,,"Jama Jurabaev","レア, ゲートウォッチの誓い (61/184) ",-
"水脈の乱動/Roiling Waters （すいみゃくのらんどう） ","(５)(青)(青)","ソーサリー ","対戦相手がコントロールするクリーチャーを最大２体と、プレイヤー１人を対象とする。それらのクリーチャーをオーナーの手札に戻す。その対象になったプレイヤーはカードを２枚引く。","Return up to two target creatures your opponents control to their owners' hands. Target player draws two cards.",-,-,,"David Gaillet","アンコモン, ゲートウォッチの誓い (62/184) ",-
"終止符のスフィンクス/Sphinx of the Final Word （しゅうしふのすふぃんくす） ","(５)(青)(青)","クリーチャー — スフィンクス(Sphinx) ","終止符のスフィンクスは打ち消されない。飛行、呪禁あなたがコントロールするインスタント呪文とソーサリー呪文は、呪文や能力によっては打ち消されない。","Sphinx of the Final Word can't be countered.Flying, hexproofInstant and sorcery spells you control can't be countered by spells or abilities.",5/5,-,,"Lius Lasahido","神話レア, ゲートウォッチの誓い (63/184) ",-
"掃き飛ばし/Sweep Away （はきとばし） ","(２)(青)","インスタント ","クリーチャー１体を対象とし、それをオーナーの手札に戻す。そのクリーチャーが攻撃しているなら、あなたは代わりにそれをオーナーのライブラリーの一番上に置いてもよい。","Return target creature to its owner's hand. If that creature is attacking, you may put it on top of its owner's library instead.",-,-,,"Winona Nelson","コモン, ゲートウォッチの誓い (64/184) ",-
"ウマーラの絡め捕り/Umara Entangler （うまーらのからめとり） ","(１)(青)","クリーチャー — マーフォーク(Merfolk)・ならず者(Rogue)・同盟者(Ally) ","果敢（あなたがクリーチャーでない呪文を１つ唱えるたび、ターン終了時まで、このクリーチャーは+1/+1の修整を受ける。）","Prowess （Whenever you cast a noncreature spell, this creature gets +1/+1 until end of turn.）",2/1,-,,"James Ryman","コモン, ゲートウォッチの誓い (65/184) ",-
"一致団結/Unity of Purpose （いっちだんけつ） ","(３)(青)","インスタント ","支援２を行う。（クリーチャーを最大２体対象とし、それらの上に+1/+1カウンターをそれぞれ１個置く。）あなたがコントロールする、+1/+1カウンターが置かれている各クリーチャーをそれぞれアンタップする。","Support 2. （Put a +1/+1 counter on each of up to two target creatures.）Untap each creature you control with a +1/+1 counter on it.",-,-,,"Jason Felix","アンコモン, ゲートウォッチの誓い (66/184) ",-
"静寂を担うもの/Bearer of Silence （せいじゃくをになうもの） ","(１)(黒)","クリーチャー — エルドラージ(Eldrazi) ","欠色（このカードは無色である。）あなたが静寂を担うものを唱えたとき、対戦相手１人を対象とする。あなたは(１)(◇)を支払ってもよい。そうしたなら、そのプレイヤーはクリーチャーを１体生け贄に捧げる。（(◇)は無色マナを表す。）飛行静寂を担うものではブロックできない。","Devoid （This card has no color.）When you cast Bearer of Silence, you may pay {1}{C}. If you do, target opponent sacrifices a creature. （{C} represents colorless mana.）FlyingBearer of Silence can't block.",2/1,-,,"Tyler Jacobson","レア, ゲートウォッチの誓い (67/184) ",-
"戦慄の汚染者/Dread Defiler （せんりつのおせんしゃ） ","(６)(黒)","クリーチャー — エルドラージ(Eldrazi) ","欠色（このカードは無色である。）(３)(◇),あなたの墓地からクリーチャー・カードを１枚追放する：対戦相手１人を対象とする。そのプレイヤーはその追放したカードのパワーに等しい点数のライフを失う。（(◇)は無色マナを表す。）","Devoid （This card has no color.）{3}{C}, Exile a creature card from your graveyard: Target opponent loses life equal to the exiled card's power. （{C} represents colorless mana.）",6/8,-,,"Slawomir Maniak","レア, ゲートウォッチの誓い (68/184) ",-
"本質を蝕むもの/Essence Depleter （ほんしつをむしばむもの） ","(２)(黒)","クリーチャー — エルドラージ(Eldrazi)・ドローン(Drone) ","欠色（このカードは無色である。）(１)(◇)：対戦相手１人を対象とする。そのプレイヤーは１点のライフを失い、あなたは１点のライフを得る。（(◇)は無色マナを表す。）","Devoid （This card has no color.）{1}{C}: Target opponent loses 1 life and you gain 1 life. （{C} represents colorless mana.）",2/3,-,,"Chase Stone","アンコモン, ゲートウォッチの誓い (69/184) ",-
"鞭打つ触手/Flaying Tendrils （むちうつしょくしゅ） ","(１)(黒)(黒)","ソーサリー ","欠色（このカードは無色である。）ターン終了時まで、すべてのクリーチャーは-2/-2の修整を受ける。このターンにクリーチャーが死亡するなら、代わりにそれを追放する。","Devoid （This card has no color.）All creatures get -2/-2 until end of turn. If a creature would die this turn, exile it instead.",-,-,,"Slawomir Maniak","アンコモン, ゲートウォッチの誓い (70/184) ",-
"惨状蒔き/Havoc Sower （さんじょうまき） ","(３)(黒)","クリーチャー — エルドラージ(Eldrazi)・ドローン(Drone) ","欠色（このカードは無色である。）(１)(◇)：ターン終了時まで、惨状蒔きは+2/+1の修整を受ける。（(◇)は無色マナを表す。）","Devoid （This card has no color.）{1}{C}: Havoc Sower gets +2/+1 until end of turn. （{C} represents colorless mana.）",3/3,-,,"Svetlin Velinov","アンコモン, ゲートウォッチの誓い (71/184) ",-
"真実を覆すもの/Inverter of Truth （しんじつをくつがえすもの） ","(２)(黒)(黒)","クリーチャー — エルドラージ(Eldrazi) ","欠色（このカードは無色である。）飛行真実を覆すものが戦場に出たとき、あなたのライブラリーからすべてのカードを裏向きに追放し、その後あなたの墓地からすべてのカードをあなたのライブラリーに加えて切り直す。","Devoid （This card has no color.）FlyingWhen Inverter of Truth enters the battlefield, exile all cards from your library face down, then shuffle all cards from your graveyard into your library.",6/6,-,,"Chase Stone","神話レア, ゲートウォッチの誓い (72/184) ",-
"コジレックの叫び手/Kozilek's Shrieker （こじれっくのさけびて） ","(２)(黒)","クリーチャー — エルドラージ(Eldrazi)・ドローン(Drone) ","欠色（このカードは無色である。）(◇)：ターン終了時まで、コジレックの叫び手は+1/+0の修整を受けるとともに威迫を得る。（これは２体以上のクリーチャーによってしかブロックされない。(◇)は無色マナを表す。）","Devoid （This card has no color.）{C}: Kozilek's Shrieker gets +1/+0 and gains menace until end of turn. （It can't be blocked except by two or more creatures. {C} represents colorless mana.）",3/2,-,,"Jason Felix","コモン, ゲートウォッチの誓い (73/184) ",-
"コジレックの組み換え/Kozilek's Translator （こじれっくのくみかえ） ","(４)(黒)","クリーチャー — エルドラージ(Eldrazi)・ドローン(Drone) ","欠色（このカードは無色である。）ライフを１点支払う：あなたのマナ・プールに(◇)を加える。この能力は、毎ターン１回のみ起動できる。（(◇)は無色マナを表す。）","Devoid （This card has no color.）Pay 1 life: Add {C} to your mana pool. Activate this ability only once each turn. （{C} represents colorless mana.）",3/5,-,,Izzy,"コモン, ゲートウォッチの誓い (74/184) ",-
"忘却の一撃/Oblivion Strike （ぼうきゃくのいちげき） ","(３)(黒)","ソーサリー ","欠色（このカードは無色である。）クリーチャー１体を対象とし、それを追放する。","Devoid （This card has no color.）Exile target creature.",-,-,,"Daniel Ljunggren","コモン, ゲートウォッチの誓い (75/184) ",-
"搾取ドローン/Reaver Drone （さくしゅどろーん） ","(黒)","クリーチャー — エルドラージ(Eldrazi)・ドローン(Drone) ","欠色（このカードは無色である。）あなたのアップキープの開始時に、あなたが他の無色のクリーチャーをコントロールしていないかぎり、あなたは１点のライフを失う。","Devoid （This card has no color.）At the beginning of your upkeep, you lose 1 life unless you control another colorless creature.",2/1,-,,"Chris Rallis","アンコモン, ゲートウォッチの誓い (76/184) ",-
"頭蓋ふるい/Sifter of Skulls （ずがいふるい） ","(３)(黒)","クリーチャー — エルドラージ(Eldrazi) ","欠色（このカードは無色である。）あなたがコントロールするトークンでないクリーチャーが１体死亡するたび、無色の1/1のエルドラージ(Eldrazi)・末裔(Scion)クリーチャー・トークンを１体戦場に出す。それは「このクリーチャーを生け贄に捧げる：あなたのマナ・プールに(◇)を加える。」を持つ。（(◇)は無色マナを表す。）","Devoid （This card has no color.）Whenever another nontoken creature you control dies, put a 1/1 colorless Eldrazi Scion creature token onto the battlefield. It has ""Sacrifice this creature: Add {C} to your mana pool."" （{C} represents colorless mana.）",4/3,-,,"Slawomir Maniak","レア, ゲートウォッチの誓い (77/184) ",-
"空の探索者/Sky Scourer （そらのたんさくしゃ） ","(１)(黒)","クリーチャー — エルドラージ(Eldrazi)・ドローン(Drone) ","欠色（このカードは無色である。）飛行あなたが無色の呪文を１つ唱えるたび、ターン終了時まで、空の探索者は+1/+0の修整を受ける。","Devoid （This card has no color.）FlyingWhenever you cast a colorless spell, Sky Scourer gets +1/+0 until end of turn.",1/2,-,,"Winona Nelson","コモン, ゲートウォッチの誓い (78/184) ",-
"殺戮ドローン/Slaughter Drone （さつりくどろーん） ","(１)(黒)","クリーチャー — エルドラージ(Eldrazi)・ドローン(Drone) ","欠色（このカードは無色である。）(◇)：ターン終了時まで、殺戮ドローンは接死を得る。（これが何らかのダメージをクリーチャーに与えたら、それだけで破壊する。(◇)は無色マナを表す。）","Devoid （This card has no color.）{C}: Slaughter Drone gains deathtouch until end of turn. （Any amount of damage it deals to a creature is enough to destroy it. {C} represents colorless mana.）",2/2,-,,"Dan Scott","コモン, ゲートウォッチの誓い (79/184) ",-
"異常な忍耐/Unnatural Endurance （いじょうなにんたい） ","(黒)","インスタント ","欠色（このカードは無色である。）クリーチャー１体を対象とする。ターン終了時まで、それは+2/+0の修整を受ける。それを再生する。","Devoid （This card has no color.）Target creature gets +2/+0 until end of turn. Regenerate it.",-,-,,"Mathias Kollros","コモン, ゲートウォッチの誓い (80/184) ",-
"粗暴な幻視/Visions of Brutality （そぼうなげんし） ","(１)(黒)","エンチャント — オーラ(Aura) ","欠色（このカードは無色である。）エンチャント（クリーチャー）エンチャントされているクリーチャーではブロックできない。エンチャントされているクリーチャーがダメージを与えるたび、それのコントローラーはその点数に等しいライフを失う。","Devoid （This card has no color.）Enchant creatureEnchanted creature can't block.Whenever enchanted creature deals damage, its controller loses that much life.",-,-,,"Jama Jurabaev","アンコモン, ゲートウォッチの誓い (81/184) ",-
"終末の目撃/Witness the End （しゅうまつのもくげき） ","(３)(黒)","ソーサリー ","欠色（このカードは無色である。）対戦相手１人を対象とする。そのプレイヤーは自分の手札からカードを２枚追放し、２点のライフを失う。","Devoid （This card has no color.）Target opponent exiles two cards from his or her hand and loses 2 life.",-,-,,"Igor Kieryluk","コモン, ゲートウォッチの誓い (82/184) ",-
"屍体の攪拌/Corpse Churn （したいのかくはん） ","(１)(黒)","インスタント ","あなたのライブラリーの一番上から３枚のカードをあなたの墓地に置く。その後、あなたはあなたの墓地からクリーチャー・カード１枚をあなたの手札に戻してもよい。","Put the top three cards of your library into your graveyard, then you may return a creature card from your graveyard to your hand.",-,-,,"Magali Villeneuve","コモン, ゲートウォッチの誓い (83/184) ",-
"ドラーナに選ばれし者/Drana's Chosen （どらーなにえらばれしもの） ","(３)(黒)","クリーチャー — 吸血鬼(Vampire)・シャーマン(Shaman)・同盟者(Ally) ","盟友 ― (Ｔ),あなたがコントロールするアンタップ状態の同盟者(Ally)を１体タップする：黒の2/2のゾンビ(Zombie)・クリーチャー・トークンを１体タップ状態で戦場に出す。","Cohort --- {T}, Tap an untapped Ally you control: Put a 2/2 black Zombie creature token onto the battlefield tapped.",2/2,-,,"Deruchenko Alexander","レア, ゲートウォッチの誓い (84/184) ",-
"闇の掌握/Grasp of Darkness （やみのしょうあく） ","(黒)(黒)","インスタント ","クリーチャー１体を対象とする。ターン終了時まで、それは-4/-4の修整を受ける。","Target creature gets -4/-4 until end of turn.",-,-,,Daarken,"アンコモン, ゲートウォッチの誓い (85/184) ","OGW SOM "
"ゲトの裏切り者、カリタス/Kalitas, Traitor of Ghet （げとのうらぎりものかりたす） ","(２)(黒)(黒)","伝説のクリーチャー — 吸血鬼(Vampire)・戦士(Warrior) ","絆魂対戦相手がコントロールするトークンでないクリーチャーが１体死亡するなら、代わりにそのカードを追放し、黒の2/2のゾンビ(Zombie)・クリーチャー・トークンを１体戦場に出す。(２)(黒),他の吸血鬼(Vampire)かゾンビを１体生け贄に捧げる：ゲトの裏切り者、カリタスの上に+1/+1カウンターを２個置く。","LifelinkIf a nontoken creature an opponent controls would die, instead exile that card and put a 2/2 black Zombie creature token onto the battlefield.{2}{B}, Sacrifice another Vampire or Zombie: Put two +1/+1 counters on Kalitas, Traitor of Ghet.",3/4,-,,"Todd Lockwood","神話レア, ゲートウォッチの誓い (86/184) ",-
"マラキールの占い師/Malakir Soothsayer （まらきーるのうらないし） ","(４)(黒)","クリーチャー — 吸血鬼(Vampire)・シャーマン(Shaman)・同盟者(Ally) ","盟友 ― (Ｔ),あなたがコントロールするアンタップ状態の同盟者(Ally)を１体タップする：あなたはカードを１枚引き、１点のライフを失う。","Cohort --- {T}, Tap an untapped Ally you control: You draw a card and you lose 1 life.",4/4,-,,"Greg Opalinski","アンコモン, ゲートウォッチの誓い (87/184) ",-
"虚身呼び/Null Caller （きょしんよび） ","(３)(黒)","クリーチャー — 吸血鬼(Vampire)・シャーマン(Shaman) ","(３)(黒),あなたの墓地からクリーチャー・カード１枚を追放する：黒の2/2のゾンビ(Zombie)・クリーチャー・トークンを１体タップ状態で戦場に出す。","{3}{B}, Exile a creature card from your graveyard: Put a 2/2 black Zombie creature token onto the battlefield tapped.",2/4,-,,"Darek Zabrocki","アンコモン, ゲートウォッチの誓い (88/184) ",-
"無情な処罰/Remorseless Punishment （むじょうなしょばつ） ","(３)(黒)(黒)","ソーサリー ","対戦相手１人を対象とする。そのプレイヤーは、カードを２枚捨てるか、クリーチャー１体かプレインズウォーカー１体を生け贄に捧げないかぎり、５点のライフを失う。この手順をもう１回繰り返す。","Target opponent loses 5 life unless that player discards two cards or sacrifices a creature or planeswalker. Repeat this process once.",-,-,,"Ryan Barger","レア, ゲートウォッチの誓い (89/184) ",-
"タールの罠/Tar Snare （たーるのわな） ","(２)(黒)","インスタント ","クリーチャー１体を対象とする。ターン終了時まで、それは-3/-2の修整を受ける。","Target creature gets -3/-2 until end of turn.",-,-,,"Karl Kopinski","コモン, ゲートウォッチの誓い (90/184) ",-
"荒々しい渇望/Untamed Hunger （あらあらしいかつぼう） ","(２)(黒)","エンチャント — オーラ(Aura) ","エンチャント（クリーチャー）エンチャントされているクリーチャーは、+2/+1の修整を受けるとともに威迫を持つ。（それは２体以上のクリーチャーによってしかブロックされない。）","Enchant creatureEnchanted creature gets +2/+1 and has menace. （It can't be blocked except by two or more creatures.）",-,-,,"Willian Murai","コモン, ゲートウォッチの誓い (91/184) ",-
"吸血鬼の特使/Vampire Envoy （きゅうけつきのとくし） ","(２)(黒)","クリーチャー — 吸血鬼(Vampire)・クレリック(Cleric)・同盟者(Ally) ","飛行吸血鬼の特使がタップ状態になるたび、あなたは１点のライフを得る。","FlyingWhenever Vampire Envoy becomes tapped, you gain 1 life.",1/4,-,,"Johannes Voss","コモン, ゲートウォッチの誓い (92/184) ",-
"ズーラポートの鎖魔道士/Zulaport Chainmage （ずーらぽーとのくさりまどうし） ","(３)(黒)","クリーチャー — 人間(Human)・シャーマン(Shaman)・同盟者(Ally) ","盟友 ― (Ｔ),あなたがコントロールするアンタップ状態の同盟者(Ally)を１体タップする：対戦相手１人を対象とする。そのプレイヤーは２点のライフを失う。","Cohort --- {T}, Tap an untapped Ally you control: Target opponent loses 2 life.",4/2,-,,"Chris Rallis","コモン, ゲートウォッチの誓い (93/184) ",-
"破壊的陥没孔/Consuming Sinkhole （はかいてきかんぼつこう） ","(３)(赤)","インスタント ","欠色（このカードは無色である。）以下から１つを選ぶ。・土地・クリーチャー１体を対象とし、それを追放する。・プレイヤー１人を対象とする。破壊的陥没孔はそのプレイヤーに４点のダメージを与える。","Devoid （This card has no color.）Choose one ---• Exile target land creature.• Consuming Sinkhole deals 4 damage to target player.",-,-,,"Igor Kieryluk","コモン, ゲートウォッチの誓い (94/184) ",-
"攻性エルドラージ/Eldrazi Aggressor （こうせいえるどらーじ） ","(２)(赤)","クリーチャー — エルドラージ(Eldrazi)・ドローン(Drone) ","欠色（このカードは無色である。）あなたが他の無色のクリーチャーをコントロールしているかぎり、攻性エルドラージは速攻を持つ。","Devoid （This card has no color.）Eldrazi Aggressor has haste as long as you control another colorless creature.",2/3,-,,"Mathias Kollros","コモン, ゲートウォッチの誓い (95/184) ",-
"エルドラージの寸借者/Eldrazi Obligator （えるどらーじのすんしゃくしゃ） ","(２)(赤)","クリーチャー — エルドラージ(Eldrazi) ","欠色（このカードは無色である。）あなたがエルドラージの寸借者を唱えたとき、クリーチャー１体を対象とする。あなたは(１)(◇)を支払ってもよい。そうしたなら、ターン終了時まで、そのクリーチャーのコントロールを得る。それをアンタップする。ターン終了時まで、それは速攻を得る。（(◇)は無色マナを表す。）速攻","Devoid （This card has no color.）When you cast Eldrazi Obligator, you may pay {1}{C}. If you do, gain control of target creature until end of turn, untap that creature, and it gains haste until end of turn. （{C} represents colorless mana.）Haste",3/1,-,,"Jason Felix","レア, ゲートウォッチの誓い (96/184) ",-
"制止エルドラージ/Immobilizer Eldrazi （せいしえるどらーじ） ","(１)(赤)","クリーチャー — エルドラージ(Eldrazi)・ドローン(Drone) ","欠色（このカードは無色である。）(２)(◇)：このターン、タフネスがパワーより大きいクリーチャーではブロックできない。（(◇)は無色マナを表す。）","Devoid （This card has no color.）{2}{C}: Each creature with toughness greater than its power can't block this turn. （{C} represents colorless mana.）",2/1,-,,"Svetlin Velinov","アンコモン, ゲートウォッチの誓い (97/184) ",-
"コジレックの帰還/Kozilek's Return （こじれっくのきかん） ","(２)(赤)","インスタント ","欠色（このカードは無色である。）コジレックの帰還は各クリーチャーにそれぞれ２点のダメージを与える。あなたが点数で見たマナ・コストが７以上のエルドラージ(Eldrazi)・クリーチャー呪文を１つ唱えるたび、あなたはあなたの墓地からコジレックの帰還を追放してもよい。そうしたなら、コジレックの帰還は各クリーチャーにそれぞれ５点のダメージを与える。","Devoid （This card has no color.）Kozilek's Return deals 2 damage to each creature.Whenever you cast an Eldrazi creature spell with converted mana cost 7 or greater, you may exile Kozilek's Return from your graveyard. If you do, Kozilek's Return deals 5 damage to each creature.",-,-,,"Lius Lasahido","神話レア, ゲートウォッチの誓い (98/184) ",-
"コジレックの大口/Maw of Kozilek （こじれっくのおおぐち） ","(３)(赤)","クリーチャー — エルドラージ(Eldrazi)・ドローン(Drone) ","欠色（このカードは無色である。）(◇)：ターン終了時まで、コジレックの大口は+2/-2の修整を受ける。（(◇)は無色マナを表す。）","Devoid （This card has no color.）{C}: Maw of Kozilek gets +2/-2 until end of turn. （{C} represents colorless mana.）",2/5,-,,Daarken,"コモン, ゲートウォッチの誓い (99/184) ",-
"現実の流出/Reality Hemorrhage （げんじつのりゅうしゅつ） ","(１)(赤)","インスタント ","欠色（このカードは無色である。）クリーチャー１体かプレイヤー１人を対象とする。現実の流出はそれに２点のダメージを与える。","Devoid （This card has no color.）Reality Hemorrhage deals 2 damage to target creature or player.",-,-,,"Chris Rallis","コモン, ゲートウォッチの誓い (100/184) ",-
"アクームの炎探し/Akoum Flameseeker （あくーむのほのおさがし） ","(２)(赤)","クリーチャー — 人間(Human)・シャーマン(Shaman)・同盟者(Ally) ","盟友 ― (Ｔ),あなたがコントロールするアンタップ状態の同盟者(Ally)を１体タップする：カードを１枚捨てる。そうしたなら、カードを１枚引く。","Cohort --- {T}, Tap an untapped Ally you control: Discard a card. If you do, draw a card.",3/2,-,,"Willian Murai","コモン, ゲートウォッチの誓い (101/184) ",-
"巨岩投下/Boulder Salvo （きょがんとうか） ","(４)(赤)","ソーサリー ","怒涛(１)(赤)（あなたかチームメイトがこのターンに他の呪文を唱えていたなら、あなたはこの呪文を怒涛コストで唱えてもよい。）クリーチャー１体を対象とする。巨岩投下はそれに４点のダメージを与える。","Surge {1}{R} （You may cast this spell for its surge cost if you or a teammate has cast another spell this turn.）Boulder Salvo deals 4 damage to target creature.",-,-,,"Vincent Proce","コモン, ゲートウォッチの誓い (102/184) ",-
"凶暴な力/Brute Strength （きょうぼうなちから） ","(１)(赤)","インスタント ","クリーチャー１体を対象とする。ターン終了時まで、それは+3/+1の修整を受けるとともにトランプルを得る。","Target creature gets +3/+1 and gains trample until end of turn.",-,-,,"Wayne Reynolds","コモン, ゲートウォッチの誓い (103/184) ",-
"炎呼び、チャンドラ/Chandra, Flamecaller （ほのおよびちゃんどら） ","(４)(赤)(赤)","プレインズウォーカー — チャンドラ(Chandra) ","[+1]：速攻を持つ赤の3/1のエレメンタル(Elemental)・クリーチャー・トークンを２体戦場に出す。次の終了ステップの開始時に、それらを追放する。[0]：あなたの手札からカードをすべて捨て、その後その枚数に１を足した枚数のカードを引く。[-X]：炎呼び、チャンドラは各クリーチャーにそれぞれＸ点のダメージを与える。","+1: Put two 3/1 red Elemental creature tokens with haste onto the battlefield. Exile them at the beginning of the next end step.0: Discard all the cards in your hand, then draw that many cards plus one.-X: Chandra, Flamecaller deals X damage to each creature.",-,4,,"Jason Rainville","神話レア, ゲートウォッチの誓い (104/184) ",-
"溶滓のへリオン/Cinder Hellion （ようさいのへりおん） ","(４)(赤)","クリーチャー — ヘリオン(Hellion) ","トランプル溶滓のへリオンが戦場に出たとき、対戦相手１人を対象とする。溶滓のへリオンはそのプレイヤーに２点のダメージを与える。","TrampleWhen Cinder Hellion enters the battlefield, it deals 2 damage to target opponent.",4/4,-,,"Jason Kang","コモン, ゲートウォッチの誓い (105/184) ",-
"食い荒らす炎/Devour in Flames （くいあらすほのお） ","(２)(赤)","ソーサリー ","食い荒らす炎を唱えるための追加コストとして、あなたがコントロールする土地１つをオーナーの手札に戻す。クリーチャー１体かプレインズウォーカー１人を対象とする。食い荒らす炎はそれに５点のダメージを与える。","As an additional cost to cast Devour in Flames, return a land you control to its owner's hand.Devour in Flames deals 5 damage to target creature or planeswalker.",-,-,,"Svetlin Velinov","アンコモン, ゲートウォッチの誓い (106/184) ",-
"怒りの具象化/Embodiment of Fury （いかりのぐしょうか） ","(３)(赤)","クリーチャー — エレメンタル(Elemental) ","トランプルあなたがコントロールする土地・クリーチャーはトランプルを持つ。上陸 ― 土地が１つあなたのコントロール下で戦場に出るたび、あなたがコントロールする土地１つを対象とする。あなたは「ターン終了時まで、それは速攻を持つ3/3のエレメンタル(Elemental)・クリーチャーになる。それは土地でもある。」を選んでもよい。","TrampleLand creatures you control have trample.Landfall --- Whenever a land enters the battlefield under your control, you may have target land you control become a 3/3 Elemental creature with haste until end of turn. It's still a land.",4/3,-,,"David Palumbo","アンコモン, ゲートウォッチの誓い (107/184) ",-
"促進/Expedite （そくしん） ",(赤),"インスタント ","クリーチャー１体を対象とする。ターン終了時まで、それは速攻を得る。カードを１枚引く。","Target creature gains haste until end of turn.Draw a card.",-,-,,"Kieran Yanner","コモン, ゲートウォッチの誓い (108/184) ",-
"巨人の陥落/Fall of the Titans （きょじんのかんらく） ",(Ｘ)(Ｘ)(赤),"インスタント ","怒涛(Ｘ)(赤)（あなたかチームメイトがこのターンに他の呪文を唱えていたなら、あなたはこの呪文を怒涛コストで唱えてもよい。）クリーチャーやプレイヤーを最大２つまで対象とする。巨人の陥落はそれらにそれぞれＸ点のダメージを与える。","Surge {X}{R} （You may cast this spell for its surge cost if you or a teammate has cast another spell this turn.）Fall of the Titans deals X damage to each of up to two target creatures and/or players.",-,-,,"Chris Rallis","レア, ゲートウォッチの誓い (109/184) ",-
"ゴブリンの闇住まい/Goblin Dark-Dwellers （ごぶりんのやみずまい） ","(３)(赤)(赤)","クリーチャー — ゴブリン(Goblin) ","威迫ゴブリンの闇住まいが戦場に出たとき、あなたの墓地から点数で見たマナ・コストが３以下の、インスタント・カード１枚かソーサリー・カード１枚を対象とする。あなたはそれをそのマナ・コストを支払うことなく唱えてもよい。このターンにそのカードがあなたの墓地に置かれるなら、代わりにそれを追放する。","MenaceWhen Goblin Dark-Dwellers enters the battlefield, you may cast target instant or sorcery card with converted mana cost 3 or less from your graveyard without paying its mana cost. If that card would be put into your graveyard this turn, exile it instead.",4/4,-,,"Steven Belledin","レア, ゲートウォッチの誓い (110/184) ",-
"ゴブリンの自在駆け/Goblin Freerunner （ごぶりんのじざいかけ） ","(３)(赤)","クリーチャー — ゴブリン(Goblin)・戦士(Warrior)・同盟者(Ally) ","怒涛(１)(赤)（あなたかチームメイトがこのターンに他の呪文を唱えていたなら、あなたはこの呪文を怒涛コストで唱えてもよい。）威迫（このクリーチャーは２体以上のクリーチャーによってしかブロックされない。）","Surge {1}{R} （You may cast this spell for its surge cost if you or a teammate has cast another spell this turn.）Menace （This creature can't be blocked except by two or more creatures.）",3/2,-,,"Wayne Reynolds","コモン, ゲートウォッチの誓い (111/184) ",-
"カズールの徴収者/Kazuul's Toll Collector （かずーるのちょうしゅうしゃ） ","(２)(赤)","クリーチャー — オーガ(Ogre)・戦士(Warrior) ","(０)：あなたがコントロールする装備品(Equipment)１つを対象とし、それをカズールの徴収者につける。この能力は、あなたがソーサリーを唱えられるときにのみ起動できる。","{0}: Attach target Equipment you control to Kazuul's Toll Collector. Activate this ability only any time you could cast a sorcery.",3/2,-,,"Greg Staples","アンコモン, ゲートウォッチの誓い (112/184) ",-
"チャンドラの誓い/Oath of Chandra （ちゃんどらのちかい） ","(１)(赤)","伝説のエンチャント ","チャンドラの誓いが戦場に出たとき、対戦相手がコントロールするクリーチャー１体を対象とする。チャンドラの誓いはそれに３点のダメージを与える。各終了ステップの開始時に、そのターンにプレインズウォーカーがあなたのコントロール下で戦場に出ていた場合、チャンドラの誓いは各対戦相手にそれぞれ２点のダメージを与える。","When Oath of Chandra enters the battlefield, it deals 3 damage to target creature an opponent controls.At the beginning of each end step, if a planeswalker entered the battlefield under your control this turn, Oath of Chandra deals 2 damage to each opponent.",-,-,,"Wesley Burt","レア, ゲートウォッチの誓い (113/184) ",-
"抑圧的支配/Press into Service （よくあつてきしはい） ","(４)(赤)","ソーサリー ","支援２を行う。（クリーチャーを最大２体対象とし、それらの上に+1/+1カウンターをそれぞれ１個置く。）クリーチャー１体を対象とし、ターン終了時までそれのコントロールを得る。そのクリーチャーをアンタップする。ターン終了時まで、それは速攻を得る。","Support 2. （Put a +1/+1 counter on each of up to two target creatures.）Gain control of target creature until end of turn. Untap that creature. It gains haste until end of turn.",-,-,,"Steve Prescott","アンコモン, ゲートウォッチの誓い (114/184) ",-
"紅蓮術師の突撃/Pyromancer's Assault （ぐれんじゅつしのとつげき） ","(３)(赤)","エンチャント ","あなたが各ターンのあなたの２つ目の呪文を唱えるたび、クリーチャー１体かプレイヤー１人を対象とする。紅蓮術師の突撃はそれに２点のダメージを与える。","Whenever you cast your second spell each turn, Pyromancer's Assault deals 2 damage to target creature or player.",-,-,,"Todd Lockwood","アンコモン, ゲートウォッチの誓い (115/184) ",-
"無謀な奇襲隊/Reckless Bushwhacker （むぼうなきしゅうたい） ","(２)(赤)","クリーチャー — ゴブリン(Goblin)・戦士(Warrior)・同盟者(Ally) ","怒涛(１)(赤)（あなたかチームメイトがこのターンに他の呪文を唱えていたなら、あなたはこの呪文を怒涛コストで唱えてもよい。）速攻無謀な奇襲隊が戦場に出たとき、これの怒涛コストが支払われていた場合、ターン終了時まで、あなたがコントロールする他のクリーチャーは+1/+0の修整を受けるとともに速攻を得る。","Surge {1}{R} （You may cast this spell for its surge cost if you or a teammate has cast another spell this turn.）HasteWhen Reckless Bushwhacker enters the battlefield, if its surge cost was paid, other creatures you control get +1/+0 and gain haste until end of turn.",2/1,-,,"Kieran Yanner","アンコモン, ゲートウォッチの誓い (116/184) ",-
"火花魔道士の計略/Sparkmage's Gambit （ひばなまどうしのけいりゃく） ","(１)(赤)","ソーサリー ","クリーチャーを最大２体対象とする。火花魔道士の計略はそれらにそれぞれ１点のダメージを与える。このターン、それらではブロックできない。","Sparkmage's Gambit deals 1 damage to each of up to two target creatures. Those creatures can't block this turn.",-,-,,"Mathias Kollros","コモン, ゲートウォッチの誓い (117/184) ",-
"ヴァラクートの涙/Tears of Valakut （う゛ぁらくーとのなみだ） ","(１)(赤)","インスタント ","ヴァラクートの涙は呪文や能力によっては打ち消されない。飛行を持つクリーチャー１体を対象とする。ヴァラクートの涙はそれに５点のダメージを与える。","Tears of Valakut can't be countered by spells or abilities.Tears of Valakut deals 5 damage to target creature with flying.",-,-,,"Noah Bradley","アンコモン, ゲートウォッチの誓い (118/184) ",-
"ヴァラクートの暴君/Tyrant of Valakut （う゛ぁらくーとのぼうくん） ","(５)(赤)(赤)","クリーチャー — ドラゴン(Dragon) ","怒涛(３)(赤)(赤)（あなたかチームメイトがこのターンに他の呪文を唱えていたなら、あなたはこの呪文を怒涛コストで唱えてもよい。）飛行ヴァラクートの暴君が戦場に出たとき、これの怒涛コストが支払われていた場合、クリーチャー１体かプレイヤー１人を対象とする。ヴァラクートの暴君はそれに３点のダメージを与える。","Surge {3}{R}{R} （You may cast this spell for its surge cost if you or a teammate has cast another spell this turn.）FlyingWhen Tyrant of Valakut enters the battlefield, if its surge cost was paid, it deals 3 damage to target creature or player.",5/4,-,,"Tyler Jacobson","レア, ゲートウォッチの誓い (119/184) ",-
"ザダの猛士/Zada's Commando （ざだのもうし） ","(１)(赤)","クリーチャー — ゴブリン(Goblin)・射手(Archer)・同盟者(Ally) ","先制攻撃盟友 ― (Ｔ),あなたがコントロールするアンタップ状態の同盟者(Ally)を１体タップする：対戦相手１人を対象とする。ザダの猛士はそのプレイヤーに１点のダメージを与える。","First strikeCohort --- {T}, Tap an untapped Ally you control: Zada's Commando deals 1 damage to target opponent.",2/1,-,,"Zack Stella","コモン, ゲートウォッチの誓い (120/184) ",-
"産み落とす巨体/Birthing Hulk （うみおとすきょたい） ","(６)(緑)","クリーチャー — エルドラージ(Eldrazi)・ドローン(Drone) ","欠色（このカードは無色である。）産み落とす巨体が戦場に出たとき、あなたは無色の1/1のエルドラージ(Eldrazi)・末裔(Scion)クリーチャー・トークンを２体戦場に出す。それらは「このクリーチャーを生け贄に捧げる：あなたのマナ・プールに(◇)を加える。」を持つ。（(◇)は無色マナを表す。）(１)(◇)：産み落とす巨体を再生する。","Devoid （This card has no color.）When Birthing Hulk enters the battlefield, put two 1/1 colorless Eldrazi Scion creature tokens onto the battlefield. They have ""Sacrifice this creature: Add {C} to your mana pool."" （{C} represents colorless mana.）{1}{C}: Regenerate Birthing Hulk.",5/4,-,,"Jack Wang","アンコモン, ゲートウォッチの誓い (121/184) ",-
"残された廃墟/Ruin in Their Wake （のこされたはいきょ） ","(１)(緑)","ソーサリー ","欠色（このカードは無色である。）あなたのライブラリーから基本土地カードを１枚探し、それを公開する。あなたが《荒地/Wastes》という名前の土地をコントロールしているなら、あなたはそのカードをタップ状態で戦場に出してもよい。そうでないなら、そのカードをあなたの手札に加える。その後、あなたのライブラリーを切り直す。","Devoid （This card has no color.）Search your library for a basic land card and reveal it. You may put that card onto the battlefield tapped if you control a land named Wastes. Otherwise, put that card into your hand. Then shuffle your library.",-,-,,"Jason Felix","アンコモン, ゲートウォッチの誓い (122/184) ",-
"末裔招き/Scion Summoner （まつえいまねき） ","(２)(緑)","クリーチャー — エルドラージ(Eldrazi)・ドローン(Drone) ","欠色（このカードは無色である。）末裔招きが戦場に出たとき、あなたは無色の1/1のエルドラージ(Eldrazi)・末裔(Scion)クリーチャー・トークンを１体戦場に出す。それは「このクリーチャーを生け贄に捧げる：あなたのマナ・プールに(◇)を加える。」を持つ。（(◇)は無色マナを表す。）","Devoid （This card has no color.）When Scion Summoner enters the battlefield, put a 1/1 colorless Eldrazi Scion creature token onto the battlefield. It has ""Sacrifice this creature: Add {C} to your mana pool."" （{C} represents colorless mana.）",2/2,-,,"Johann Bodin","コモン, ゲートウォッチの誓い (123/184) ",-
"忍び寄りドローン/Stalking Drone （しのびよりどろーん） ","(１)(緑)","クリーチャー — エルドラージ(Eldrazi)・ドローン(Drone) ","欠色（このカードは無色である。）(◇)：ターン終了時まで、忍び寄りドローンは+1/+2の修整を受ける。この能力は、毎ターン１回のみ起動できる。（(◇)は無色マナを表す。）","Devoid （This card has no color.）{C}: Stalking Drone gets +1/+2 until end of turn. Activate this ability only once each turn. （{C} represents colorless mana.）",2/2,-,,"Slawomir Maniak","コモン, ゲートウォッチの誓い (124/184) ",-
"卑小な回収者/Vile Redeemer （ひしょうなかいしゅうしゃ） ","(２)(緑)","クリーチャー — エルドラージ(Eldrazi) ","欠色（このカードは無色である。）瞬速あなたが卑小な回収者を唱えたとき、あなたは(◇)を支払ってもよい。そうしたなら、このターンにあなたのコントロール下で死亡したトークンでないクリーチャー１体につき、無色の1/1のエルドラージ(Eldrazi)・末裔(Scion)クリーチャー・トークンを１体戦場に出す。それらのトークンは「このクリーチャーを生け贄に捧げる：あなたのマナ・プールに(◇)を加える。」を持つ。","Devoid （This card has no color.）FlashWhen you cast Vile Redeemer, you may pay {C}. If you do, put a 1/1 colorless Eldrazi Scion creature token onto the battlefield for each nontoken creature that died under your control this turn. Those tokens have ""Sacrifice this creature: Add {C} to your mana pool.""",3/3,-,,"Jason Rainville","レア, ゲートウォッチの誓い (125/184) ",-
"世界を壊すもの/World Breaker （せかいをこわすもの） ","(６)(緑)","クリーチャー — エルドラージ(Eldrazi) ","欠色（このカードは無色である。）あなたが世界を壊すものを唱えたとき、アーティファクト１つかエンチャント１つか土地１つを対象とし、それを追放する。到達(２)(◇),土地を１つ生け贄に捧げる：あなたの墓地から世界を壊すものをあなたの手札に戻す。（(◇)は無色マナを表す。）","Devoid （This card has no color.）When you cast World Breaker, exile target artifact, enchantment, or land.Reach{2}{C}, Sacrifice a land: Return World Breaker from your graveyard to your hand. （{C} represents colorless mana.）",5/7,-,,"Jaime Jones","神話レア, ゲートウォッチの誓い (126/184) ",-
"ベイロスの仔/Baloth Pup （べいろすのこ） ","(１)(緑)","クリーチャー — ビースト(Beast) ","ベイロスの仔の上に+1/+1カウンターが置かれているかぎり、これはトランプルを持つ。","Baloth Pup has trample as long as it has a +1/+1 counter on it.",3/1,-,,"Steve Prescott","アンコモン, ゲートウォッチの誓い (127/184) ",-
"死すべき定め/Bonds of Mortality （しすべきさだめ） ","(１)(緑)","エンチャント ","死すべき定めが戦場に出たとき、カードを１枚引く。(緑)：ターン終了時まで、対戦相手がコントロールするクリーチャーは呪禁と破壊不能を失う。","When Bonds of Mortality enters the battlefield, draw a card.{G}: Creatures your opponents control lose hexproof and indestructible until end of turn.",-,-,,"Chris Rallis","アンコモン, ゲートウォッチの誓い (128/184) ",-
"梢喰らい/Canopy Gorger （こずえくらい） ","(４)(緑)(緑)","クリーチャー — ワーム(Wurm) ",,,6/5,-,,"Lake Hurwitz","コモン, ゲートウォッチの誓い (129/184) ",-
"大自然の反撃/Elemental Uprising （だいしぜんはんげき） ","(１)(緑)","インスタント ","あなたがコントロールする土地１つを対象とする。ターン終了時まで、それは速攻を持つ4/4のエレメンタル(Elemental)・クリーチャーになる。それは土地でもある。このターン、それは可能ならブロックされなければならない。","Target land you control becomes a 4/4 Elemental creature with haste until end of turn. It's still a land. It must be blocked this turn if able.",-,-,,"Svetlin Velinov","コモン, ゲートウォッチの誓い (130/184) ",-
"洞察の具象化/Embodiment of Insight （どうさつのぐしょうか） ","(４)(緑)","クリーチャー — エレメンタル(Elemental) ","警戒あなたがコントロールする土地・クリーチャーは警戒を持つ。上陸 ― 土地が１つあなたのコントロール下で戦場に出るたび、あなたがコントロールする土地１つを対象とする。あなたは「ターン終了時まで、それは速攻を持つ3/3のエレメンタル(Elemental)・クリーチャーになる。それは土地でもある。」を選んでもよい。","VigilanceLand creatures you control have vigilance.Landfall --- Whenever a land enters the battlefield under your control, you may have target land you control become a 3/3 Elemental creature with haste until end of turn. It's still a land.",4/4,-,,"Marco Nelor","アンコモン, ゲートウォッチの誓い (131/184) ",-
"林鹿騎兵隊/Gladehart Cavalry （はやしじかきへいたい） ","(５)(緑)(緑)","クリーチャー — エルフ(Elf)・騎士(Knight) ","林鹿騎兵隊が戦場に出たとき、支援６を行う。（他のクリーチャーを最大６体対象とし、それらの上に+1/+1カウンターをそれぞれ１個置く。）あなたがコントロールする+1/+1カウンターが置かれているクリーチャーが１体死亡するたび、あなたは２点のライフを得る。","When Gladehart Cavalry enters the battlefield, support 6. （Put a +1/+1 counter on each of up to six other target creatures.）Whenever a creature you control with a +1/+1 counter on it dies, you gain 2 life.",6/6,-,,"Steven Belledin","レア, ゲートウォッチの誓い (132/184) ",-
"収穫トロール/Harvester Troll （しゅうかくとろーる） ","(３)(緑)","クリーチャー — トロール(Troll) ","収穫トロールが戦場に出たとき、あなたはクリーチャー１体か土地１つを生け贄に捧げてもよい。そうしたなら、収穫トロールの上に+1/+1カウンターを２個置く。","When Harvester Troll enters the battlefield, you may sacrifice a creature or land. If you do, put two +1/+1 counters on Harvester Troll.",2/3,-,,"Greg Staples","アンコモン, ゲートウォッチの誓い (133/184) ",-
"模範提示/Lead by Example （もはんていじ） ","(１)(緑)","インスタント ","支援２を行う。（クリーチャーを最大２体対象とし、それらの上に+1/+1カウンターをそれぞれ１個置く。）","Support 2. （Put a +1/+1 counter on each of up to two target creatures.）",-,-,,"Johannes Voss","コモン, ゲートウォッチの誓い (134/184) ",-
"壌土の幼生/Loam Larva （じょうどのようせい） ","(１)(緑)","クリーチャー — 昆虫(Insect) ","壌土の幼生が戦場に出たとき、あなたはあなたのライブラリーから基本土地カードを１枚探してもよい。そうしたなら、それを公開し、あなたのライブラリーを切り直し、そのカードをあなたのライブラリーの一番上に置く。","When Loam Larva enters the battlefield, you may search your library for a basic land card, reveal it, then shuffle your library and put that card on top of it.",1/3,-,,"Jason Kang","コモン, ゲートウォッチの誓い (135/184) ",-
"自然のままに/Natural State （しぜんのままに） ","(緑)","インスタント ","点数で見たマナ・コストが３以下の、アーティファクト１つかエンチャント１つを対象とし、それを破壊する。","Destroy target artifact or enchantment with converted mana cost 3 or less.",-,-,,"Volkan Baga","コモン, ゲートウォッチの誓い (136/184) ",-
"網投げ蜘蛛/Netcaster Spider （あみなげくも） ","(２)(緑)","クリーチャー — 蜘蛛(Spider) ","到達（このクリーチャーは飛行を持つクリーチャーをブロックできる。）網投げ蜘蛛が飛行を持つクリーチャーを１体ブロックするたび、ターン終了時まで、網投げ蜘蛛は+2/+0の修整を受ける。","Reach （This creature can block creatures with flying.）Whenever Netcaster Spider blocks a creature with flying, Netcaster Spider gets +2/+0 until end of turn.",2/3,-,,"Zoltan Boros","コモン, ゲートウォッチの誓い (137/184) ","OGW M15 "
"ゼンディカーの代弁者、ニッサ/Nissa, Voice of Zendikar （ぜんでぃかーのだいべんしゃにっさ） ","(１)(緑)(緑)","プレインズウォーカー — ニッサ(Nissa) ","[+1]：緑の0/1の植物(Plant)クリーチャー・トークンを１体戦場に出す。[-2]：あなたがコントロールする各クリーチャーの上に+1/+1カウンターをそれぞれ１個置く。[-7]：あなたはＸ点のライフを得てＸ枚のカードを引く。Ｘは、あなたがコントロールする土地の総数に等しい。","+1: Put a 0/1 green Plant creature token onto the battlefield.-2: Put a +1/+1 counter on each creature you control.-7: You gain X life and draw X cards, where X is the number of lands you control.",-,3,,"Raymond Swanland","神話レア, ゲートウォッチの誓い (138/184) ",-
"ニッサの裁き/Nissa's Judgment （にっさのさばき） ","(４)(緑)","ソーサリー ","支援２を行う。（クリーチャーを最大２体対象とし、それらの上に+1/+1カウンターをそれぞれ１個置く。）対戦相手がコントロールするクリーチャーを最大１体対象とする。あなたがコントロールする+1/+1カウンターが置かれている各クリーチャーは、それぞれそれのパワーに等しい点数のダメージをそのクリーチャーに与える。","Support 2. （Put a +1/+1 counter on each of up to two target creatures.）Choose up to one target creature an opponent controls. Each creature you control with a +1/+1 counter on it deals damage equal to its power to that creature.",-,-,,"Tyler Jacobson","アンコモン, ゲートウォッチの誓い (139/184) ",-
"ニッサの誓い/Oath of Nissa （にっさのちかい） ","(緑)","伝説のエンチャント ","ニッサの誓いが戦場に出たとき、あなたのライブラリーの一番上から３枚のカードを見る。あなたはその中からクリーチャー・カード１枚か土地カード１枚かプレインズウォーカー・カード１枚を公開してもよい。そうしたなら、それをあなたの手札に加える。残りをあなたのライブラリーの一番下に望む順番で置く。あなたは、プレインズウォーカー呪文を唱えるために、任意のマナを望む色のマナであるかのように支払ってもよい。","When Oath of Nissa enters the battlefield, look at the top three cards of your library. You may reveal a creature, land, or planeswalker card from among them and put it into your hand. Put the rest on the bottom of your library in any order.You may spend mana as though it were mana of any color to cast planeswalker spells.",-,-,,"Wesley Burt","レア, ゲートウォッチの誓い (140/184) ",-
"ムラーサの胎動/Pulse of Murasa （むらーさのたいどう） ","(２)(緑)","インスタント ","墓地からクリーチャー・カード１枚か土地カード１枚を対象とし、それをオーナーの手札に戻す。あなたは６点のライフを得る。","Return target creature or land card from a graveyard to its owner's hand. You gain 6 life.",-,-,,"Matt Stewart","コモン, ゲートウォッチの誓い (141/184) ",-
"鞍背ラガーク/Saddleback Lagac （くらせらがーく） ","(３)(緑)","クリーチャー — トカゲ(Lizard) ","鞍背ラガークが戦場に出たとき、支援２を行う。（他のクリーチャーを最大２体対象とし、それらの上に+1/+1カウンターをそれぞれ１個置く。）","When Saddleback Lagac enters the battlefield, support 2. （Put a +1/+1 counter on each of up to two other target creatures.）",3/1,-,,"Jason Kang","コモン, ゲートウォッチの誓い (142/184) ",-
"種子の守護者/Seed Guardian （しゅしのしゅごしゃ） ","(２)(緑)(緑)","クリーチャー — エレメンタル(Elemental) ","到達種子の守護者が死亡したとき、緑のX/Xのエレメンタル(Elemental)・クリーチャー・トークンを１体戦場に出す。Ｘは、あなたの墓地にあるクリーチャー・カードの総数に等しい。","ReachWhen Seed Guardian dies, put an X/X green Elemental creature token onto the battlefield, where X is the number of creature cards in your graveyard.",3/4,-,,"Vincent Proce","アンコモン, ゲートウォッチの誓い (143/184) ",-
"森の代言者/Sylvan Advocate （もりのだいげんしゃ） ","(１)(緑)","クリーチャー — エルフ(Elf)・ドルイド(Druid)・同盟者(Ally) ","警戒あなたが６つ以上の土地をコントロールしているかぎり、森の代言者とあなたがコントロールする土地クリーチャーは+2/+2の修整を受ける。","VigilanceAs long as you control six or more lands, Sylvan Advocate and land creatures you control get +2/+2.",2/3,-,,"Volkan Baga","レア, ゲートウォッチの誓い (144/184) ",-
"タジュールの道守/Tajuru Pathwarden （たじゅーるのみちもり） ","(４)(緑)","クリーチャー — エルフ(Elf)・戦士(Warrior)・同盟者(Ally) ","警戒、トランプル","Vigilance, trample",5/4,-,,"Victor Adame Minguez","コモン, ゲートウォッチの誓い (145/184) ",-
"イトグモの蔦/Vines of the Recluse （いとぐものつた） ","(緑)","インスタント ","クリーチャー１体を対象とする。ターン終了時まで、それは+1/+2の修整を受けるとともに到達を得る。それをアンタップする。（到達を持つクリーチャーは飛行を持つクリーチャーをブロックできる。）","Target creature gets +1/+2 and gains reach until end of turn. Untap it. （A creature with reach can block creatures with flying.）",-,-,,"Dan Scott","コモン, ゲートウォッチの誓い (146/184) ",-
"ゼンディカーの復興者/Zendikar Resurgent （ぜんでぃかーのふっこうしゃ） ","(５)(緑)(緑)","エンチャント ","あなたがマナを引き出す目的で土地を１つタップするたび、その土地が生み出したいずれかのタイプのマナ１点をあなたのマナ・プールに加える。（マナのタイプとは、白か青か黒か赤か緑か無色である。）あなたがクリーチャー呪文を１つ唱えるたび、カードを１枚引く。","Whenever you tap a land for mana, add one mana to your mana pool of any type that land produced. （The types of mana are white, blue, black, red, green, and colorless.）Whenever you cast a creature spell, draw a card.",-,-,,"Chris Rallis","レア, ゲートウォッチの誓い (147/184) ",-
"鞭打ちドローン/Flayer Drone （むちうちどろーん） ","(１)(黒)(赤)","クリーチャー — エルドラージ(Eldrazi)・ドローン(Drone) ","欠色（このカードは無色である。）先制攻撃他の無色のクリーチャーが１体あなたのコントロール下で戦場に出るたび、対戦相手１人を対象とする。そのプレイヤーは１点のライフを失う。","Devoid （This card has no color.）First strikeWhenever another colorless creature enters the battlefield under your control, target opponent loses 1 life.",3/1,-,,"Lius Lasahido","アンコモン, ゲートウォッチの誓い (148/184) ",-
"精神溶かし/Mindmelter （せいしんとかし） ","(１)(青)(黒)","クリーチャー — エルドラージ(Eldrazi)・ドローン(Drone) ","欠色（このカードは無色である。）精神溶かしはブロックされない。(３)(◇)：対戦相手１人を対象とする。そのプレイヤーは自分の手札からカードを１枚追放する。この能力は、あなたがソーサリーを唱えられるときにのみ起動できる。（(◇)は無色マナを表す。）","Devoid （This card has no color.）Mindmelter can't be blocked.{3}{C}: Target opponent exiles a card from his or her hand. Activate this ability only any time you could cast a sorcery. （{C} represents colorless mana.）",2/2,-,,"Jason Felix","アンコモン, ゲートウォッチの誓い (149/184) ",-
"虚空を継ぐもの/Void Grafter （こくうをつぐもの） ","(１)(緑)(青)","クリーチャー — エルドラージ(Eldrazi)・ドローン(Drone) ","欠色（このカードは無色である。）瞬速（あなたはこの呪文を、あなたがインスタントを唱えられるときならいつでも唱えてよい。）虚空を継ぐものが戦場に出たとき、あなたがコントロールする他のクリーチャー１体を対象とする。ターン終了時まで、それは呪禁を得る。","Devoid （This card has no color.）Flash （You may cast this spell any time you could cast an instant.）When Void Grafter enters the battlefield, another target creature you control gains hexproof until end of turn.",2/4,-,,"Alejandro Mirabal","アンコモン, ゲートウォッチの誓い (150/184) ",-
"永代巡礼者、アイリ/Ayli, Eternal Pilgrim （えいだいじゅんれいしゃあいり） ","(白)(黒)","伝説のクリーチャー — コー(Kor)・クレリック(Cleric) ","接死(１),他のクリーチャーを１体生け贄に捧げる：あなたは生け贄に捧げたクリーチャーのタフネスに等しい点数のライフを得る。(１)(白)(黒),他のクリーチャーを１体生け贄に捧げる：土地でないパーマネント１つを対象とし、それを追放する。この能力は、あなたのライフの総量がゲーム開始時によりも１０点以上多いときにのみ起動できる。","Deathtouch{1}, Sacrifice another creature: You gain life equal to the sacrificed creature's toughness.{1}{W}{B}, Sacrifice another creature: Exile target nonland permanent. Activate this ability only if you have at least 10 life more than your starting life total.",2/3,-,,"Cynthia Sheppard","レア, ゲートウォッチの誓い (151/184) ",-
"ベイロスの虚身/Baloth Null （べいろすのきょしん） ","(４)(黒)(緑)","クリーチャー — ゾンビ(Zombie)・ビースト(Beast) ","ベイロスの虚身が戦場に出たとき、あなたの墓地からクリーチャー・カードを最大２枚まで対象とし、それらをあなたの手札に戻す。","When Baloth Null enters the battlefield, return up to two target creature cards from your graveyard to your hand.",4/5,-,,"Jakub Kasper","アンコモン, ゲートウォッチの誓い (152/184) ",-
"岸壁安息所の吸血鬼/Cliffhaven Vampire （がんぺきあんそくじょのきゅうけつき） ","(２)(白)(黒)","クリーチャー — 吸血鬼(Vampire)・戦士(Warrior)・同盟者(Ally) ","飛行あなたがライフを得るたび、各対戦相手はそれぞれ１点のライフを失う。","FlyingWhenever you gain life, each opponent loses 1 life.",2/4,-,,"David Gaillet","アンコモン, ゲートウォッチの誓い (153/184) ",-
"ジョラーガの援軍/Joraga Auxiliary （じょらーがのえんぐん） ","(１)(緑)(白)","クリーチャー — エルフ(Elf)・兵士(Soldier)・同盟者(Ally) ","(４)(緑)(白)：支援２を行う。（他のクリーチャーを最大２体対象とし、それらの上に+1/+1カウンターをそれぞれ１個置く。）","{4}{G}{W}: Support 2. （Put a +1/+1 counter on each of up to two other target creatures.）",2/3,-,,"David Gaillet","アンコモン, ゲートウォッチの誓い (154/184) ",-
"遺跡潜り、ジョリー・エン/Jori En, Ruin Diver （いせきもぐりじょりーえん） ","(１)(青)(赤)","伝説のクリーチャー — マーフォーク(Merfolk)・ウィザード(Wizard) ","あなたが各ターンのあなたの２つ目の呪文を唱えるたび、カードを１枚引く。","Whenever you cast your second spell each turn, draw a card.",2/3,-,,"Igor Kieryluk","レア, ゲートウォッチの誓い (155/184) ",-
"野生生まれのミーナとデーン/Mina and Denn, Wildborn （やせいうまれのみーなとでーん） ","(２)(赤)(緑)","伝説のクリーチャー — エルフ(Elf)・同盟者(Ally) ","あなたの各ターンに、あなたは追加の土地を１つプレイしてもよい。(赤)(緑),あなたがコントロールする土地を１つ、オーナーの手札に戻す：クリーチャー１体を対象とする。ターン終了時まで、それはトランプルを得る。","You may play an additional land on each of your turns.{R}{G}, Return a land you control to its owner's hand: Target creature gains trample until end of turn.",4/4,-,,Izzy,"レア, ゲートウォッチの誓い (156/184) ",-
"反射魔道士/Reflector Mage （はんしゃまどうし） ","(１)(白)(青)","クリーチャー — 人間(Human)・ウィザード(Wizard) ","反射魔道士が戦場に出たとき、対戦相手がコントロールするクリーチャー１体を対象とし、それをオーナーの手札に戻す。あなたの次のターンまで、そのクリーチャーのオーナーはそれと同じ名前を持つ呪文を唱えられない。","When Reflector Mage enters the battlefield, return target creature an opponent controls to its owner's hand. That creature's owner can't cast spells with the same name as that creature until your next turn.",2/3,-,,"Willian Murai","アンコモン, ゲートウォッチの誓い (157/184) ",-
"執拗な狩人/Relentless Hunter （しつようなかりゅうど） ","(１)(赤)(緑)","クリーチャー — 人間(Human)・戦士(Warrior) ","(１)(赤)(緑)：ターン終了時まで、執拗な狩人は+1/+1の修整を受けるとともにトランプルを得る。","{1}{R}{G}: Relentless Hunter gets +1/+1 and gains trample until end of turn.",3/3,-,,"Matt Stewart","アンコモン, ゲートウォッチの誓い (158/184) ",-
"嵐追いの魔道士/Stormchaser Mage （あらしおいのまどうし） ","(青)(赤)","クリーチャー — 人間(Human)・ウィザード(Wizard) ","飛行、速攻果敢（あなたがクリーチャーでない呪文を１つ唱えるたび、ターン終了時まで、このクリーチャーは+1/+1の修整を受ける。）","Flying, hasteProwess （Whenever you cast a noncreature spell, this creature gets +1/+1 until end of turn.）",1/3,-,,"Clint Cearley","アンコモン, ゲートウォッチの誓い (159/184) ",-
"武器の教練者/Weapons Trainer （ぶきのきょうれんしゃ） ","(赤)(白)","クリーチャー — 人間(Human)・兵士(Soldier)・同盟者(Ally) ","あなたが装備品(Equipment)をコントロールしているかぎり、あなたがコントロールする他のクリーチャーは+1/+0の修整を受ける。","Other creatures you control get +1/+0 as long as you control an Equipment.",3/2,-,,"Greg Opalinski","アンコモン, ゲートウォッチの誓い (160/184) ",-
"骨の鋸/Bone Saw （ほねののこ） ","(０)","アーティファクト — 装備品(Equipment) ","装備しているクリーチャーは+1/+0の修整を受ける。装備(１)（(１)：あなたがコントロールするクリーチャー１体を対象とし、それにつける。装備はソーサリーとしてのみ行う。）","Equipped creature gets +1/+0.Equip {1} （{1}: Attach to target creature you control. Equip only as a sorcery.）",-,-,,"Kev Walker","コモン, ゲートウォッチの誓い (161/184) ","OGW CON "
"隊長の鉤爪/Captain's Claws （たいちょうのかぎづめ） ","(２)","アーティファクト — 装備品(Equipment) ","装備しているクリーチャーは+1/+0の修整を受ける。装備しているクリーチャーが攻撃するたび、白の1/1のコー(Kor)・同盟者(Ally)クリーチャー・トークンを１体、タップ状態で攻撃している状態で戦場に出す。装備(１)","Equipped creature gets +1/+0.Whenever equipped creature attacks, put a 1/1 white Kor Ally creature token onto the battlefield tapped and attacking.Equip {1}",-,-,,"Anthony Palumbo","レア, ゲートウォッチの誓い (162/184) ",-
"甲殻の外套/Chitinous Cloak （こうかくのがいとう） ","(３)","アーティファクト — 装備品(Equipment) ","装備しているクリーチャーは、+2/+2の修整を受けるとともに威迫を持つ。（それは２体以上のクリーチャーによってしかブロックされない。）装備(３)","Equipped creature gets +2/+2 and has menace. （It can't be blocked except by two or more creatures.）Equip {3}",-,-,,"Chris Rahn","アンコモン, ゲートウォッチの誓い (163/184) ",-
"面晶体の這行器/Hedron Crawler （めんしょうたいのしゃこうき） ","(２)","アーティファクト・クリーチャー — 構築物(Construct) ","(Ｔ)：あなたのマナ・プールに(◇)を加える。（(◇)は無色マナを表す。）","{T}: Add {C} to your mana pool. （{C} represents colorless mana.）",0/1,-,,"Daniel Ljunggren","コモン, ゲートウォッチの誓い (164/184) ",-
"予見者のランタン/Seer's Lantern （よけんしゃのらんたん） ","(３)","アーティファクト ","(Ｔ)：あなたのマナ・プールに(◇)を加える。（(◇)は無色マナを表す。）(２),(Ｔ)：占術１を行う。（あなたのライブラリーの一番上のカードを見る。あなたはそのカードをあなたのライブラリーの一番下に置いてもよい。）","{T}: Add {C} to your mana pool. （{C} represents colorless mana.）{2}, {T}: Scry 1. （Look at the top card of your library. You may put that card on the bottom of your library.）",-,-,,"Jung Park","コモン, ゲートウォッチの誓い (165/184) ",-
"石鍛冶の傑作/Stoneforge Masterwork （いしかじのけっさく） ","(１)","アーティファクト — 装備品(Equipment) ","装備しているクリーチャーは、あなたがコントロールする、それと共通のクリーチャー・タイプを持つ他のクリーチャー１体につき+1/+1の修整を受ける。装備(２)","Equipped creature gets +1/+1 for each other creature you control that shares a creature type with it.Equip {2}",-,-,,"Ben Maier","レア, ゲートウォッチの誓い (166/184) ",-
"闊歩するものの装具/Strider Harness （かっぽするもののそうぐ） ","(３)","アーティファクト — 装備品(Equipment) ","装備しているクリーチャーは+1/+1の修整を受けるとともに速攻を持つ。装備(１)","Equipped creature gets +1/+1 and has haste.Equip {1}",-,-,,"Kev Walker","アンコモン, ゲートウォッチの誓い (167/184) ","OGW SOM "
"燃え殻の痩せ地/Cinder Barrens （もえがらのやせち） ",,"土地 ","燃え殻の痩せ地はタップ状態で戦場に出る。(Ｔ)：あなたのマナ・プールに(黒)か(赤)を加える。","Cinder Barrens enters the battlefield tapped.{T}: Add {B} or {R} to your mana pool.",-,-,,"Cliff Childs","アンコモン, ゲートウォッチの誓い (168/184) ",-
"廃集落/Corrupted Crossroads （はいしゅうらく） ",,"土地 ","(Ｔ)：あなたのマナ・プールに(◇)を加える。（(◇)は無色マナを表す。）(Ｔ),ライフを１点支払う：あなたのマナ・プールに、好きな色１色のマナ１点を加える。このマナは欠色を持つ呪文を唱えるためにのみ使用できる。","{T}: Add {C} to your mana pool. （{C} represents colorless mana.）{T}, Pay 1 life: Add one mana of any color to your mana pool. Spend this mana only to cast a spell with devoid.",-,-,,"Ryan Pancoast","レア, ゲートウォッチの誓い (169/184) ",-
"崩壊する痕跡/Crumbling Vestige （ほうかいするこんせき） ",,"土地 ","崩壊する痕跡はタップ状態で戦場に出る。崩壊する痕跡が戦場に出たとき、あなたのマナ・プールに好きな色１色のマナ１点を加える。(Ｔ)：あなたのマナ・プールに(◇)を加える。（(◇)は無色マナを表す。）","Crumbling Vestige enters the battlefield tapped.When Crumbling Vestige enters the battlefield, add one mana of any color to your mana pool.{T}: Add {C} to your mana pool. （{C} represents colorless mana.）",-,-,,"Zack Stella","コモン, ゲートウォッチの誓い (170/184) ",-
"風切る泥沼/Hissing Quagmire （かぜきるどろぬま） ",,"土地 ","風切る泥沼はタップ状態で戦場に出る。(Ｔ)：あなたのマナ・プールに(黒)か(緑)を加える。(１)(黒)(緑)：ターン終了時まで、風切る泥沼は接死を持つ黒であり緑である2/2のエレメンタル(Elemental)・クリーチャーになる。これは土地でもある。","Hissing Quagmire enters the battlefield tapped.{T}: Add {B} or {G} to your mana pool.{1}{B}{G}: Hissing Quagmire becomes a 2/2 black and green Elemental creature with deathtouch until end of turn. It's still a land.",-,-,,"Cliff Childs","レア, ゲートウォッチの誓い (171/184) ",-
"抵抗者の居住地/Holdout Settlement （ていこうしゃのきょじゅうち） ",,"土地 ","(Ｔ)：あなたのマナ・プールに(◇)を加える。（(◇)は無色マナを表す。）(Ｔ),あなたがコントロールするアンタップ状態のクリーチャーを１体タップする：あなたのマナ・プールに、好きな色１色のマナ１点を加える。","{T}: Add {C} to your mana pool. （{C} represents colorless mana.）{T}, Tap an untapped creature you control: Add one mana of any color to your mana pool.",-,-,,"Kieran Yanner","コモン, ゲートウォッチの誓い (172/184) ",-
"曲がりくねる川/Meandering River （まがりくねるかわ） ",,"土地 ","曲がりくねる川はタップ状態で戦場に出る。(Ｔ)：あなたのマナ・プールに(白)か(青)を加える。","Meandering River enters the battlefield tapped.{T}: Add {W} or {U} to your mana pool.",-,-,,"Cliff Childs","アンコモン, ゲートウォッチの誓い (173/184) ",-
"鏡の池/Mirrorpool （かがみのいけ） ",,"土地 ","鏡の池はタップ状態で戦場に出る。(Ｔ)：あなたのマナ・プールに(◇)を加える。(２)(◇),(Ｔ),鏡の池を生け贄に捧げる：あなたがコントロールする、インスタント呪文１つかソーサリー呪文１つを対象とし、それをコピーする。あなたはそのコピーの新しい対象を選んでもよい。(４)(◇),(Ｔ),鏡の池を生け贄に捧げる：あなたがコントロールするクリーチャー１体を対象とし、それのコピーであるトークンを１体戦場に出す。","Mirrorpool enters the battlefield tapped.{T}: Add {C} to your mana pool.{2}{C}, {T}, Sacrifice Mirrorpool: Copy target instant or sorcery spell you control. You may choose new targets for the copy.{4}{C}, {T}, Sacrifice Mirrorpool: Put a token onto the battlefield that's a copy of target creature you control.",-,-,,"Cliff Childs","神話レア, ゲートウォッチの誓い (174/184) ",-
"鋭い突端/Needle Spires （するどいとったん） ",,"土地 ","鋭い突端はタップ状態で戦場に出る。(Ｔ)：あなたのマナ・プールに(赤)か(白)を加える。(２)(赤)(白)：ターン終了時まで、鋭い突端は二段攻撃を持つ赤であり白である2/1のエレメンタル(Elemental)・クリーチャーになる。これは土地でもある。","Needle Spires enters the battlefield tapped.{T}: Add {R} or {W} to your mana pool.{2}{R}{W}: Needle Spires becomes a 2/1 red and white Elemental creature with double strike until end of turn. It's still a land.",-,-,,"Jonas De Ro","レア, ゲートウォッチの誓い (175/184) ",-
"オラン＝リーフの廃墟/Ruins of Oran-Rief （おらんりーふのはいきょ） ",,"土地 ","オラン＝リーフの廃墟はタップ状態で戦場に出る。(Ｔ)：あなたのマナ・プールに(◇)を加える。（(◇)は無色マナを表す。）(Ｔ)：このターンに戦場に出た無色のクリーチャー１体を対象とし、それの上に+1/+1カウンターを１個置く。","Ruins of Oran-Rief enters the battlefield tapped.{T}: Add {C} to your mana pool. （{C} represents colorless mana.）{T}: Put a +1/+1 counter on target colorless creature that entered the battlefield this turn.",-,-,,"Jason Felix","レア, ゲートウォッチの誓い (176/184) ",-
"海門の残骸/Sea Gate Wreckage （かいもんのざんがい） ",,"土地 ","(Ｔ)：あなたのマナ・プールに(◇)を加える。（(◇)は無色マナを表す。）(２)(◇),(Ｔ)：カードを１枚引く。この能力は、あなたの手札にカードがないときにのみ起動できる。","{T}: Add {C} to your mana pool. （{C} represents colorless mana.）{2}{C}, {T}: Draw a card. Activate this ability only if you have no cards in hand.",-,-,,"Zack Stella","レア, ゲートウォッチの誓い (177/184) ",-
"水没した骨塚/Submerged Boneyard （すいぼつしたほねづか） ",,"土地 ","水没した骨塚はタップ状態で戦場に出る。(Ｔ)：あなたのマナ・プールに(青)か(黒)を加える。","Submerged Boneyard enters the battlefield tapped.{T}: Add {U} or {B} to your mana pool.",-,-,,"Cliff Childs","アンコモン, ゲートウォッチの誓い (178/184) ",-
"森林の地溝/Timber Gorge （しんりんのちこう） ",,"土地 ","森林の地溝はタップ状態で戦場に出る。(Ｔ)：あなたのマナ・プールに(赤)か(緑)を加える。","Timber Gorge enters the battlefield tapped.{T}: Add {R} or {G} to your mana pool.",-,-,,"Cliff Childs","アンコモン, ゲートウォッチの誓い (179/184) ",-
"平穏なる広野/Tranquil Expanse （へいおんなるこうや） ",,"土地 ","平穏なる広野はタップ状態で戦場に出る。(Ｔ)：あなたのマナ・プールに(緑)か(白)を加える。","Tranquil Expanse enters the battlefield tapped.{T}: Add {G} or {W} to your mana pool.",-,-,,"Cliff Childs","アンコモン, ゲートウォッチの誓い (180/184) ",-
"未知の岸/Unknown Shores （みちのきし） ",,"土地 ","(Ｔ)：あなたのマナ・プールに(◇)を加える。（(◇)は無色マナを表す。）(１),(Ｔ)：あなたのマナ・プールに、好きな色１色のマナ１点を加える。","{T}: Add {C} to your mana pool. （{C} represents colorless mana.）{1}, {T}: Add one mana of any color to your mana pool.",-,-,,"Jung Park","コモン, ゲートウォッチの誓い (181/184) ","OGW THS "
"さまよう噴気孔/Wandering Fumarole （さまようふんきこう） ",,"土地 ","さまよう噴気孔はタップ状態で戦場に出る。(Ｔ)：あなたのマナ・プールに(青)か(赤)を加える。(２)(青)(赤)：ターン終了時まで、さまよう噴気孔は「(０)：ターン終了時まで、このクリーチャーのパワーとタフネスを入れ替える。」を持つ青であり赤である1/4のエレメンタル(Elemental)・クリーチャーになる。これは土地でもある。","Wandering Fumarole enters the battlefield tapped.{T}: Add {U} or {R} to your mana pool.{2}{U}{R}: Until end of turn, Wandering Fumarole becomes a 1/4 blue and red Elemental creature with ""{0}: Switch this creature's power and toughness until end of turn."" It's still a land.",-,-,,"Florian de Gesincourt","レア, ゲートウォッチの誓い (182/184) ",-
"荒地/Wastes （あれち） ",,"基本土地 ","(Ｔ)：あなたのマナ・プールに(◇)を加える。","{T}: Add {C} to your mana pool.",-,-,,"Jason Felix","コモン, ゲートウォッチの誓い (183/184) ",-
"荒地/Wastes （あれち） ",,"基本土地 ","(Ｔ)：あなたのマナ・プールに(◇)を加える。","{T}: Add {C} to your mana pool.",-,-,,"Raymond Swanland","コモン, ゲートウォッチの誓い (184/184) ",-
